Album_0,465333,7.79605698361348
Album_1,299602,7.034082838594578
Album_2,32771,7.977226245720831
Album_3,1038863,9.02763582768963
Album_4,3033313,6.919015950331997
Album_5,54778,6.919035651660984
Album_6,16928226,9.095055378608869
Album_7,3388881,8.12092167498349
Album_8,140063,6.6366307368780575
Album_9,841109,7.851072052303158
Album_10,14925668,6.6438987686250455
Album_11,2643614,6.6411242957156915
Album_12,948602,7.490354725879241
Album_13,159000,4.904063706410643
Album_14,333790,5.130098600984361
Album_15,206715,6.525254964910833
Album_16,6521,5.9846026555986915
Album_17,57823407,7.5770967991143285
Album_18,637835,6.110371109374547
Album_19,765980,5.505235558397651
Album_20,1729899,8.958778522705865
Album_21,161829,6.929068439416158
Album_22,578774,7.281033845625509
Album_23,13993,5.490302176543852
Album_24,55259087,6.546740730569781
Album_25,72950,7.3331071076518395
Album_26,51301,5.818807707093237
Album_27,418696,7.650837622014807
Album_28,7390960,6.479233572097434
Album_29,696624,6.849967500248068
Album_30,47415,6.477952065324724
Album_31,30100237,9.422733821410725
Album_32,3450062,7.183803330314479
Album_33,1254494,5.93074688525292
Album_34,5526114,8.187053894523826
Album_35,46558382,5.734987620034774
Album_36,72240251,7.450636314005707
Album_37,62992,4.84839585134427
Album_38,9349733,5.6061767413218835
Album_39,1952171,7.436233483042948
Album_40,3406757,8.086159895994493
Album_41,30281,7.405641937427965
Album_42,534902,7.061222061134112
Album_43,132414,6.838675565292854
Album_44,1739319,5.425773611559087
Album_45,4458194,6.33618694992635
Album_46,9649,6.647233474848255
Album_47,1454544,8.468546671462699
Album_48,9340720,7.612341947482154
Album_49,192686,5.084351813564719
Album_50,4208335,7.588900763273754
Album_51,1291456,6.7379012635004205
Album_52,1063597,6.38769359963285
Album_53,676289,7.9340115466090415
Album_54,131326,8.437199426995141
Album_55,149598,8.317536142939439
Album_56,2013076,6.1929389721328345
Album_57,696197,6.828945148978542
Album_58,745442,7.597516117684277
Album_59,620044,8.37065415254683
Album_60,328442,6.624990914585652
Album_61,5852785,6.97720922800342
Album_62,212290,5.872398031192766
Album_63,26907,5.764552051103196
Album_64,5808419,8.175030986873038
Album_65,1207413,8.827488034284988
Album_66,822073,7.113587854103599
Album_67,36662916,8.40423947747043
Album_68,961125,7.633963230057161
Album_69,976075,6.425856294473851
Album_70,94749,7.633674726610097
Album_71,1307311,9.045643879759163
Album_72,2669913,7.157008753068058
Album_73,91861,9.077572386976808
Album_74,250156,4.056305875092307
Album_75,1614803,8.186283005250269
Album_76,922463,7.304456481885806
Album_77,5362352,6.841191179440959
Album_78,1662666,7.310112931842603
Album_79,4702488,4.8149173024789285
Album_80,96859,6.9363937345949855
Album_81,1310758,7.628535085814096
Album_82,2316736,8.97347285368982
Album_83,69600,6.5780757380716235
Album_84,3360142,6.229807676528175
Album_85,62351132,6.5978915476985565
Album_86,1349478,8.298482541242489
Album_87,2696035,7.594501331591622
Album_88,694662,6.564287755479554
Album_89,263232,7.815920919736027
Album_90,22397,7.316493059217649
Album_91,351385,8.362373988639467
Album_92,32690,6.357536287347178
Album_93,20007282,6.806805424082678
Album_94,506113,6.7294702162414115
Album_95,167720,5.443782062241458
Album_96,5700017,7.555344332477492
Album_97,100020,7.5132663266158675
Album_98,174440,7.206136147970954
Album_99,802423,6.918495439949824
Album_100,2698793,5.501555109539503
Album_101,1708254,6.695225612681569
Album_102,1078435,6.7887425801678765
Album_103,582374,6.237267276934057
Album_104,1629363,7.006457146000789
Album_105,1537604,7.684861028177446
Album_106,318623,9.463423081452635
Album_107,981566,7.409493375398207
Album_108,109880,7.509060468867317
Album_109,906637,7.110664901080599
Album_110,97483,4.8974745416411505
Album_111,100000000,7.16818334946094
Album_112,771698,7.272276251929232
Album_113,197110,10.0
Album_114,549202,6.969166842262653
Album_115,2729546,7.561856810800335
Album_116,22429796,7.1583458763537084
Album_117,122993,5.797586354856562
Album_118,67564,8.571387377418025
Album_119,6483907,8.10231963922413
Album_120,81913,8.149238336451656
Album_121,195254,6.1087350542463135
Album_122,1117311,8.88335317312332
Album_123,302435,5.517778724649263
Album_124,4549114,7.904228512560325
Album_125,764521,9.828546750971974
Album_126,257357,6.011356409843174
Album_127,557758,6.520442724476674
Album_128,1154279,7.31958163810517
Album_129,724740,6.5958292150605615
Album_130,760410,5.339203882720641
Album_131,4541722,7.282275569767233
Album_132,934611,5.925235543528674
Album_133,2653331,7.768310916762218
Album_134,19612,6.096690918919436
Album_135,2258962,9.059921286021048
Album_136,1314626,6.260096049196516
Album_137,2855180,6.81352618055319
Album_138,328867,8.176220660843605
Album_139,103094,5.722962820279254
Album_140,293101,7.472951921524955
Album_141,5163439,8.768571305138913
Album_142,2429684,5.271020118526527
Album_143,398658,7.4215606302387656
Album_144,5791224,7.511859353098108
Album_145,1649616,8.138187446132772
Album_146,299316,5.715659146946302
Album_147,239176,5.615452064298869
Album_148,4908051,7.826329878740277
Album_149,1847504,7.556381607879824
Album_150,88804383,7.500591420415052
Album_151,180488,7.615737851396371
Album_152,1510858,6.383970334105811
Album_153,321563,7.478704436593205
Album_154,168935,7.5516869679584175
Album_155,513833,6.3427782983683585
Album_156,3250013,9.438929413373708
Album_157,100000000,7.768599505094145
Album_158,272917,5.770435803356822
Album_159,124688,7.987864330360596
Album_160,775460,6.030381995727215
Album_161,20393,8.144501524490943
Album_162,1344111,8.590314694808885
Album_163,508713,6.215181217977948
Album_164,7040758,8.356051355093186
Album_165,7238416,7.695337112323799
Album_166,482191,8.186472191993388
Album_167,1861415,9.476151579184737
Album_168,150320,6.905534260796555
Album_169,53724,6.295516602771013
Album_170,878596,6.132582684449372
Album_171,38690,6.221027658041474
Album_172,335871,7.1074779487030755
Album_173,135177,7.609382369779973
Album_174,2857280,7.532028959196023
Album_175,48601752,8.192619898843228
Album_176,60151,7.2156022702534885
Album_177,47386,8.94424089258878
Album_178,535754,6.882411800114453
Album_179,3373278,10.0
Album_180,1817039,7.950800817318008
Album_181,197415,6.171410932300461
Album_182,283845,5.914929002326666
Album_183,2245647,7.778966898291823
Album_184,5647842,6.931844657608979
Album_185,24792,8.05680059291051
Album_186,511991,7.767885149488254
Album_187,1183421,7.112605304811753
Album_188,77340,6.183847538317915
Album_189,10359669,5.382183330376963
Album_190,173038,6.664182057519575
Album_191,1240783,8.227678553188166
Album_192,2787067,7.456912492956245
Album_193,117006,5.705113465545614
Album_194,22264,7.407817111021418
Album_195,431007,7.662380855674605
Album_196,3717517,6.139371076558641
Album_197,450649,7.384470127134634
Album_198,153592,7.2698504621352
Album_199,2585843,5.828435642603252
Album_200,515618,7.6293448324179405
Album_201,406829,7.872941431641881
Album_202,2081798,8.499661491810333
Album_203,7087063,8.464562462441883
Album_204,41318687,5.546796758451491
Album_205,2401915,6.074609952101853
Album_206,11169541,7.818042320650392
Album_207,398849,7.816543141094651
Album_208,141109,7.818057223567258
Album_209,3703032,10.0
Album_210,1406864,7.885068612831801
Album_211,184298,8.562678768216719
Album_212,1006321,8.344802116191843
Album_213,2648409,7.981669501566958
Album_214,1371787,6.821676906431586
Album_215,3484925,8.110763064591922
Album_216,907305,6.2726097425549145
Album_217,253695,6.91581767191199
Album_218,215556,6.617563742605076
Album_219,76973,7.2982489672635875
Album_220,100000000,9.977590280008211
Album_221,270098,4.959281768889903
Album_222,776110,8.023512228449416
Album_223,47800,5.264740954572418
Album_224,100000000,6.63368176105268
Album_225,181083,8.50674071636084
Album_226,355354,7.277136022914555
Album_227,969976,5.906706266484833
Album_228,1743218,6.341635548888038
Album_229,8232684,8.015517298721612
Album_230,19326679,6.323560041939436
Album_231,2526108,7.4597503074983695
Album_232,100235,7.254686207884577
Album_233,326162,6.41807958287302
Album_234,5400657,9.772732907190392
Album_235,73795144,7.960702826781613
Album_236,14607,4.769828896010871
Album_237,9989305,7.423745177723314
Album_238,776659,6.405856242277935
Album_239,7182234,8.222920001755469
Album_240,408602,6.24897511388076
Album_241,139565,7.062316270239721
Album_242,4899961,7.8059847347765485
Album_243,5016861,8.238906233004146
Album_244,2741281,5.759644311533068
Album_245,642222,6.798598516990862
Album_246,182661,6.630065626606853
Album_247,24111,6.416004920911546
Album_248,11971256,9.318545088337316
Album_249,2399492,7.685978053153147
Album_250,54825,5.686939254797946
Album_251,476188,8.301434336465732
Album_252,1132316,9.74658743641516
Album_253,77150,8.438958312661377
Album_254,63133,5.376756040855184
Album_255,62429,6.618919112560499
Album_256,755540,8.720293379023948
Album_257,120331,6.350796641257463
Album_258,40630,7.732583313775474
Album_259,73291917,8.129560864115204
Album_260,5659936,6.0876834341063
Album_261,163774,7.12856957272584
Album_262,198805,3.3104791919171133
Album_263,1004798,5.970734830398852
Album_264,7501629,6.896918218328208
Album_265,74170,5.702660181642181
Album_266,19070636,9.158893564717962
Album_267,114245,5.483830346447241
Album_268,42798,6.67194661596362
Album_269,3710649,7.3568886927433095
Album_270,25299136,8.92952794687934
Album_271,60267325,5.476965418584673
Album_272,147038,8.595796502585952
Album_273,3282051,7.212279673223505
Album_274,197105,6.022189618742459
Album_275,5096066,7.754524169115925
Album_276,47976,7.438871634688164
Album_277,44996,6.479739747409447
Album_278,178105,7.283762501988023
Album_279,749184,6.737623683765888
Album_280,239413,7.336220814301498
Album_281,4481135,7.994556809425256
Album_282,16279208,9.103220179374423
Album_283,1272464,5.714621401407781
Album_284,73838830,9.75964004958752
Album_285,574009,4.857494640572998
Album_286,64546,7.0178578859573
Album_287,17535594,7.905980647781492
Album_288,284441,7.5371902412820395
Album_289,3427073,6.4527605762152875
Album_290,16561562,6.95025329957127
Album_291,1494908,6.6083988784094005
Album_292,28397,6.4927622916669465
Album_293,213915,8.21952251642523
Album_294,14072009,7.628418583158057
Album_295,379271,6.368508485687215
Album_296,1621572,8.2795198505199
Album_297,4421672,7.5687594250519314
Album_298,5284893,8.175434542606752
Album_299,2054158,7.955554610308335
Album_300,322954,6.205205986893514
Album_301,308215,6.527782751763636
Album_302,7019298,8.096752326147914
Album_303,3517852,7.932444318520158
Album_304,475850,7.1749180872430225
Album_305,7531622,7.340792859970539
Album_306,1340469,8.73319787494611
Album_307,102922,6.490114333397004
Album_308,245319,7.856516857404046
Album_309,100831,6.9573688170793275
Album_310,410270,6.938782556127336
Album_311,18378915,8.518532222384628
Album_312,264357,8.190499618785635
Album_313,1914672,8.176211563200766
Album_314,474448,8.766574568585195
Album_315,485038,7.225204609959311
Album_316,59224,8.018343565553957
Album_317,430526,6.827679892087853
Album_318,664698,7.5889996229861305
Album_319,2196751,7.0438283347587785
Album_320,1335424,7.316395157991262
Album_321,104852,7.914188430524296
Album_322,4314379,6.218135180119833
Album_323,4308233,9.710864730822552
Album_324,655515,5.992779142200358
Album_325,381979,5.742973664654722
Album_326,573407,8.589733048200081
Album_327,2003892,8.149995232755524
Album_328,3034777,7.948943780462586
Album_329,35711,7.954014611117136
Album_330,272428,7.185303872583702
Album_331,282590,6.123294754217002
Album_332,1408201,7.2909654698324715
Album_333,5840488,6.387405946185466
Album_334,309152,8.370143680101302
Album_335,272622,7.023531142197434
Album_336,176245,6.2094033638489865
Album_337,133801,6.814336990016408
Album_338,515754,7.69551774513075
Album_339,2685479,6.5235305366352305
Album_340,59814,6.213335525320282
Album_341,2195326,7.4924246537902945
Album_342,31044,7.493959885330468
Album_343,193524,6.591668189554644
Album_344,314392,6.634754033258012
Album_345,26401973,7.478459924829163
Album_346,195154,5.462298790203211
Album_347,4243,5.511043470748134
Album_348,9615,6.337866934497077
Album_349,759177,6.943863417945783
Album_350,3315391,7.573089078717605
Album_351,4139665,8.970427460339462
Album_352,1885561,8.229191547842424
Album_353,7486081,7.008073764043887
Album_354,270873,7.177180550516773
Album_355,2645322,5.996964762434629
Album_356,30481,7.177784236809132
Album_357,110958,6.853609633295834
Album_358,26358,7.587262272405708
Album_359,283217,6.207322867737212
Album_360,1003581,7.823215817089407
Album_361,2540436,9.039286695603094
Album_362,854704,7.069487821851771
Album_363,160479,7.68205406651873
Album_364,833679,8.028172790053334
Album_365,31709,6.718535433736997
Album_366,14089120,7.4689109781725005
Album_367,442547,7.215110880938154
Album_368,321525,7.3172113182585985
Album_369,12165015,6.27238825937344
Album_370,68200,7.229412209110731
Album_371,114419,7.7975979494945395
Album_372,214968,8.94137232935405
Album_373,1251457,8.351124991302248
Album_374,6956400,9.783818949013867
Album_375,2233191,6.279182924534341
Album_376,100000000,8.246784764064813
Album_377,10008,7.420010406886022
Album_378,10133455,9.827763519861207
Album_379,162878,6.230042057573819
Album_380,150743,6.192333789383069
Album_381,162888,6.480728825467174
Album_382,36611,4.651325130828232
Album_383,17083038,6.569093973983087
Album_384,2755515,6.289040806135563
Album_385,924148,7.380472543771449
Album_386,14754889,7.610107170932592
Album_387,120649,9.451405007059064
Album_388,99592,8.34050860582326
Album_389,7316,6.507715613205116
Album_390,116090,6.121902394381971
Album_391,1496363,7.790303005807807
Album_392,448461,5.615720151575229
Album_393,3261047,9.397750519025225
Album_394,97299,8.615328144865545
Album_395,3032215,6.636989217474355
Album_396,465736,5.144238565090948
Album_397,7868924,8.824646848998496
Album_398,17081,7.062552185696859
Album_399,3158701,8.685379574368154
Album_400,28790,5.28668680944676
Album_401,254162,6.480749972455473
Album_402,2354587,7.20629243966182
Album_403,994878,7.256376712517691
Album_404,112070,6.659921434224907
Album_405,1186189,7.9474199188169985
Album_406,19857,5.918855484740887
Album_407,7386075,7.029144617974448
Album_408,574703,7.344354758054279
Album_409,10280538,7.817326600870499
Album_410,431018,8.053937853706667
Album_411,144071,5.850429489794557
Album_412,69644,5.359062995117253
Album_413,10008586,8.73321218627821
Album_414,238119,7.59877681437551
Album_415,1867477,6.301816156132136
Album_416,951491,9.061382370627028
Album_417,16605,7.338809561151431
Album_418,522797,8.615156620876592
Album_419,79403,7.281022177692131
Album_420,2970539,9.672897509858384
Album_421,213712,9.306409010931846
Album_422,4424074,6.901243021825112
Album_423,1203555,8.365885141145228
Album_424,832371,7.974451139502177
Album_425,6803605,8.842357869038818
Album_426,3106041,6.042091847303875
Album_427,1168735,8.023261751998128
Album_428,325349,8.470109384219505
Album_429,8077,5.089512616292263
Album_430,100503,5.780089784801071
Album_431,69012,4.75292138668788
Album_432,849557,6.8767117986665305
Album_433,621711,8.061050706955156
Album_434,7859866,9.002828462515234
Album_435,247332,7.28891373650373
Album_436,1910904,9.15433865468555
Album_437,3759941,5.54387825014213
Album_438,574710,5.155941072773815
Album_439,691484,7.133342761324058
Album_440,304537,7.660878538727169
Album_441,222775,7.160766302287088
Album_442,42544,4.719069479952148
Album_443,258982,7.093055952584654
Album_444,1670527,5.6346365993941765
Album_445,772994,8.003607058596046
Album_446,67535,7.639917895316218
Album_447,15750941,6.072144256407174
Album_448,1123107,6.583359699195968
Album_449,25606,5.928943773733258
Album_450,320838,7.124785083272194
Album_451,1784873,8.346170784601487
Album_452,13493903,6.017128744397348
Album_453,118919,7.804855818621413
Album_454,4130573,6.5636908579530715
Album_455,8229609,6.248552601285187
Album_456,215017,7.071563568054531
Album_457,248656,5.957709213096751
Album_458,72779,6.535620833583382
Album_459,261542,5.762546528893382
Album_460,2435481,9.557670159499667
Album_461,3080055,7.242316262366074
Album_462,4688070,6.360329390408897
Album_463,205293,7.456775892881066
Album_464,14734,7.065206340371004
Album_465,676663,6.934836480560133
Album_466,2096070,7.93700004005211
Album_467,2091391,8.109009252056767
Album_468,305087,6.563398622867367
Album_469,732349,6.509018111226384
Album_470,14158965,6.869937963418027
Album_471,434658,4.437694602317299
Album_472,153913,5.381770725361737
Album_473,673153,8.84024912093343
Album_474,1539973,9.17396125620154
Album_475,18330159,6.901156752532346
Album_476,789640,7.89186835566692
Album_477,933934,7.573500185452244
Album_478,1245905,10.0
Album_479,14213626,8.543489893721492
Album_480,37615394,7.046498890223081
Album_481,1118950,6.053351471279489
Album_482,362825,5.2722644156909135
Album_483,980329,7.444156363040668
Album_484,4348,6.292379105658836
Album_485,1524153,5.4932955484827914
Album_486,715251,6.424112538908968
Album_487,992274,5.902142395662726
Album_488,534646,9.224569962087077
Album_489,634168,8.25796770833934
Album_490,352627,7.190432830420059
Album_491,15115215,8.975932966668031
Album_492,395893,7.292841969177142
Album_493,30970637,6.166458958406084
Album_494,4759243,9.027748892723588
Album_495,86853,7.846692052421591
Album_496,334556,5.955304614808252
Album_497,195330,6.9715935862996705
Album_498,5918,6.149258095938292
Album_499,8617124,5.540640322842797
Album_500,5734388,8.31141305703797
Album_501,7363637,9.491299968564157
Album_502,484884,5.521718911417031
Album_503,71235,7.875563084028685
Album_504,207394,6.4192289170538075
Album_505,3240655,6.6154495394823645
Album_506,69018,6.489127290913357
Album_507,3035,6.163211076384221
Album_508,526971,7.258225953533793
Album_509,368764,6.202859860306755
Album_510,1243450,7.524548190935807
Album_511,3358128,7.139714268661036
Album_512,2500103,6.913262343760309
Album_513,784656,6.110923605550083
Album_514,6230704,6.5078744033180005
Album_515,60796,8.106469470990907
Album_516,2986802,7.801100625149257
Album_517,1569933,6.0269337062417385
Album_518,71716,7.319198766515071
Album_519,62635,8.101664548046147
Album_520,66600,5.1967136626543535
Album_521,297429,7.852032230855922
Album_522,2444288,6.404851489264984
Album_523,332129,7.884718402311791
Album_524,91981,6.28408901214898
Album_525,80322,5.034141479202578
Album_526,2844048,5.246949074540205
Album_527,851655,7.2577019359936585
Album_528,658244,7.511667002065779
Album_529,376020,6.11482004987471
Album_530,15670274,7.966310950532849
Album_531,66485,5.206175925277249
Album_532,10760243,7.12070424162322
Album_533,593850,5.746780560285052
Album_534,395560,6.41779667063741
Album_535,100000000,7.256878405579697
Album_536,58248,6.167503961659257
Album_537,315494,6.73853334692421
Album_538,125356,8.407551371057329
Album_539,3831583,6.507729756572222
Album_540,39028126,8.20283053447817
Album_541,11547984,5.844351774410859
Album_542,12810555,7.83576501349834
Album_543,1289416,8.92988234478948
Album_544,88126,4.234026599847253
Album_545,17668,6.243725693435428
Album_546,66851904,7.892486552616648
Album_547,1823245,6.956345536748409
Album_548,376537,7.645375048045571
Album_549,7990170,6.475217775941015
Album_550,121348,7.30390774496748
Album_551,1655871,7.013187317529505
Album_552,1150159,8.601338473991769
Album_553,3368596,7.505305011961456
Album_554,869274,7.605123194490242
Album_555,34579,6.70574764065304
Album_556,699827,6.614872531113008
Album_557,5066665,6.680930174616455
Album_558,963413,7.673342570853956
Album_559,2950955,6.694818623015685
Album_560,118516,7.5477298282756955
Album_561,2657028,9.690480958374527
Album_562,389903,8.245349644118031
Album_563,2953045,6.8087717613985905
Album_564,1765088,8.641456706596735
Album_565,2508767,6.710309552374138
Album_566,2089731,4.754250557786575
Album_567,1755712,5.990296426899115
Album_568,453051,4.955049694768974
Album_569,88669,6.77818381915043
Album_570,810558,7.222102055027462
Album_571,758942,9.211724774730339
Album_572,492883,7.592312848516995
Album_573,334192,6.937079365429363
Album_574,186799,8.195286697420187
Album_575,4266,4.546637629190538
Album_576,244038,7.48273746973028
Album_577,1884697,8.12503823266436
Album_578,22392,5.42569650506419
Album_579,1652197,8.572504851848315
Album_580,44173459,7.606195688993298
Album_581,4861902,6.7016545033190384
Album_582,31539526,7.959338239327542
Album_583,6883731,9.924831429365275
Album_584,9287123,7.4182395060701944
Album_585,219916,7.497864703560404
Album_586,168670,6.648766920551707
Album_587,2021,6.18018675664225
Album_588,14224728,8.196402979853096
Album_589,10501174,6.172699408909359
Album_590,278336,7.285879484663271
Album_591,364215,6.62681106388186
Album_592,237913,7.774775790895671
Album_593,2116986,7.600394526344338
Album_594,14251732,8.445047933109478
Album_595,18186,6.587980321374304
Album_596,1554947,6.876150077647955
Album_597,257660,6.025483541061231
Album_598,774685,6.666848087908666
Album_599,2531615,7.652760591653823
Album_600,871340,8.108386339974423
Album_601,376821,6.09340161098685
Album_602,885593,8.243527104126793
Album_603,12660723,8.826765430565942
Album_604,2387078,7.696121883868441
Album_605,3864120,9.452154975069678
Album_606,39887,6.271452961075712
Album_607,179162,5.7064143560263
Album_608,1672961,5.065535701314866
Album_609,2132956,8.99525317378702
Album_610,4464564,7.985238787624869
Album_611,26686617,7.133298394907454
Album_612,7611671,7.535962351583785
Album_613,494361,5.849413143241948
Album_614,1176461,10.0
Album_615,5273,7.355065418370273
Album_616,614686,7.331273753525871
Album_617,649160,8.07091994867843
Album_618,2348618,7.777211078084056
Album_619,677740,7.468660829134958
Album_620,264327,6.251430653465626
Album_621,30457,7.765762028563195
Album_622,380514,9.45842939577004
Album_623,4688175,8.814504055385973
Album_624,64859064,9.111823951967276
Album_625,488072,6.586541188282578
Album_626,857571,6.0124742156897035
Album_627,5022729,7.049055695880423
Album_628,164661,7.266869894746434
Album_629,3236952,8.513029822165139
Album_630,66405,5.169042444342217
Album_631,11380126,9.035460383352737
Album_632,992518,7.0103905217052125
Album_633,1133448,6.687742716063096
Album_634,91815,5.985474749687799
Album_635,1228311,5.214171993761077
Album_636,85440278,8.187804700754297
Album_637,112214,7.2879815606260845
Album_638,188434,5.6520469203107355
Album_639,588991,5.645905473523661
Album_640,3176662,6.797058360851846
Album_641,716633,9.202825830347273
Album_642,2387,6.888490378363675
Album_643,4957901,5.396228456258273
Album_644,3183737,6.905108323096867
Album_645,20962,6.872731716302796
Album_646,47416,3.963736028470114
Album_647,17962340,7.1348461601786255
Album_648,12698978,6.922878563749586
Album_649,8000414,8.035447637776102
Album_650,1718820,9.418747313934414
Album_651,1870869,8.551878035457309
Album_652,527980,6.877333571334203
Album_653,3963206,5.872168909509996
Album_654,567113,10.0
Album_655,166696,7.271062120817386
Album_656,6131234,7.216715150295536
Album_657,727087,7.171049895467997
Album_658,14300221,7.4377017129214265
Album_659,192983,7.026767505691269
Album_660,512085,6.511605591743717
Album_661,91771,6.54376927051153
Album_662,802168,7.160696075740802
Album_663,30237,6.5478902746394825
Album_664,198198,6.344585060787403
Album_665,48598,7.327716273230276
Album_666,2771391,6.894027339094974
Album_667,8331669,9.004791586299227
Album_668,5161,4.018836229928386
Album_669,22357571,8.509808222306955
Album_670,100000000,8.695302230997155
Album_671,254734,4.71193172111022
Album_672,182072,6.788774887103582
Album_673,100000000,6.754270960805051
Album_674,24774,5.510985966338614
Album_675,526245,6.26661997489095
Album_676,592969,5.867308985441006
Album_677,33992739,9.302724532108346
Album_678,2901925,8.322814071776953
Album_679,637726,8.725866113992991
Album_680,185467,8.066006476851882
Album_681,206679,5.845137874539326
Album_682,78545,6.570575680464271
Album_683,1189775,7.787249473473501
Album_684,125283,5.7334466293296655
Album_685,62300,8.055598116206866
Album_686,8589888,6.911609522210238
Album_687,237937,6.750215030940483
Album_688,97763,8.05315196184419
Album_689,751660,7.7331159737832476
Album_690,744273,6.766840601017105
Album_691,49151,8.591195764037098
Album_692,818032,5.902724006880123
Album_693,143665,7.939122728333117
Album_694,35247965,7.911721509562061
Album_695,1909196,6.828544272823212
Album_696,440594,7.591359626690542
Album_697,85733,5.698663708337636
Album_698,1137656,8.308832423048282
Album_699,2457463,6.9781174362684135
Album_700,559824,6.572732375377153
Album_701,979784,8.458811071004266
Album_702,593702,6.354787571348689
Album_703,103487,5.5098464443637285
Album_704,159469,5.3320449917713155
Album_705,17890,7.927211941614768
Album_706,2621336,5.66348477700446
Album_707,4199483,9.305753018381237
Album_708,49213,4.701684710539533
Album_709,99467725,9.235747641948045
Album_710,1088861,7.453220960643142
Album_711,95768,7.083944265755529
Album_712,3225257,6.546097095829261
Album_713,2270653,7.678963337222485
Album_714,1735106,7.154838357090182
Album_715,666949,8.523962258419825
Album_716,2125522,7.337073178394448
Album_717,522648,7.380362113754253
Album_718,1970337,6.763665345343373
Album_719,17256,7.131665251534719
Album_720,407148,7.569362122670471
Album_721,9049401,5.14779792881205
Album_722,77416,5.582177493473145
Album_723,376352,8.091916912827259
Album_724,364614,7.405038525753531
Album_725,63576,6.979219996376785
Album_726,9842,7.222120719678472
Album_727,626169,7.6170980464340055
Album_728,765177,6.552288383628767
Album_729,454979,6.266034329517225
Album_730,678574,7.435014306117218
Album_731,488482,6.025952666861961
Album_732,7965534,7.689903306857366
Album_733,198304,5.156899674914592
Album_734,474173,8.434986764790773
Album_735,610056,7.767116978895652
Album_736,2994570,7.507235681176651
Album_737,24487377,8.379229180734617
Album_738,623433,9.198569333355092
Album_739,1805755,8.417244078021756
Album_740,525544,4.9909509224020265
Album_741,51384,5.664507639917158
Album_742,577199,6.450217706765185
Album_743,43665,7.231309260253001
Album_744,31968,7.821190824562947
Album_745,1086037,6.329107424215842
Album_746,418449,7.424120117372494
Album_747,767835,6.293540481176013
Album_748,538907,6.466178636409662
Album_749,49178,5.5120066837821335
Album_750,423179,6.092120104666915
Album_751,30417,5.5779784732604
Album_752,7249338,6.028952096427201
Album_753,100734,8.464370155929407
Album_754,308288,6.060721333401668
Album_755,406547,10.0
Album_756,3391670,7.791981481057067
Album_757,464185,7.421803348433849
Album_758,170698,6.169970663782544
Album_759,6760375,8.04037185529079
Album_760,605299,6.509234608514672
Album_761,2437527,7.346411777574434
Album_762,459249,10.0
Album_763,45831,7.08472812033042
Album_764,1990666,8.579127991542812
Album_765,279400,6.3561882898489355
Album_766,2763134,7.158013811403646
Album_767,1988047,9.324960762762611
Album_768,833984,6.447639530654679
Album_769,93032,9.374938269596313
Album_770,53839881,8.04930232254657
Album_771,414171,6.525039868926879
Album_772,4754578,7.958889286866626
Album_773,271400,8.367065339552076
Album_774,2167545,7.9461719546606355
Album_775,23206,5.315730336131453
Album_776,1287037,6.327435389010158
Album_777,340966,6.902977637338195
Album_778,817266,7.110679885079945
Album_779,4724873,7.9448065170608135
Album_780,76232,7.413241201119905
Album_781,92024,5.5975867695478785
Album_782,2527565,7.656237421207156
Album_783,77268304,7.932702894340588
Album_784,855729,7.871748537517248
Album_785,5029045,8.496936870665547
Album_786,1073473,8.200706585458684
Album_787,51649921,7.7510160950741245
Album_788,23469,7.115801146249623
Album_789,359570,5.2068468797808105
Album_790,40403,7.715541862959103
Album_791,6072,7.449225224595733
Album_792,1720062,7.525894604634448
Album_793,495313,5.667901709015629
Album_794,238396,5.902732151510086
Album_795,1226289,8.463783423999484
Album_796,100000000,7.152533815372014
Album_797,724002,8.01780083684715
Album_798,2274429,7.233982051356554
Album_799,223937,7.235707367394895
Album_800,2554674,8.325940567171198
Album_801,367289,6.580746326139152
Album_802,375733,7.315344932329181
Album_803,23217848,6.6452696535539495
Album_804,6541468,6.678604527081221
Album_805,880275,6.828993451837633
Album_806,9180,7.466560525960456
Album_807,293822,6.625501654003827
Album_808,100000000,8.706907350688224
Album_809,297126,6.126471237336595
Album_810,6545655,6.975754027006369
Album_811,11073286,6.672322730070991
Album_812,2976071,8.93637346122448
Album_813,168432,7.43586573181389
Album_814,11481,8.438213447362362
Album_815,1298850,5.4173275523556335
Album_816,185482,7.520460319043111
Album_817,1955349,8.267556954748125
Album_818,69545,7.298740787130509
Album_819,898797,8.478576450078421
Album_820,632265,6.579253859879554
Album_821,3213257,8.891216928222697
Album_822,344446,9.958677748343101
Album_823,7103646,6.764593727472409
Album_824,187008,6.665396974319074
Album_825,67716,8.944061372541242
Album_826,1672276,9.095486574876855
Album_827,630983,6.572567967416078
Album_828,863774,6.695775819484972
Album_829,10377951,6.861858469367392
Album_830,224230,5.586659386758868
Album_831,365700,6.097617664218962
Album_832,48588,5.995031079897519
Album_833,2624572,6.278642921875046
Album_834,1141446,7.158378135135862
Album_835,400501,7.4810576790438255
Album_836,45294,9.060600591376893
Album_837,7958984,6.001975151113451
Album_838,124895,8.381186878171901
Album_839,217303,6.943213386929389
Album_840,1602396,7.1406435484170805
Album_841,110390,8.009783390599925
Album_842,20730,5.852733574125242
Album_843,14494,7.658891695420861
Album_844,3767285,7.399742649855668
Album_845,364068,7.790941516809779
Album_846,100000000,7.547002372689382
Album_847,447436,10.0
Album_848,87068,6.434712018898421
Album_849,189210,6.562803653997819
Album_850,902013,6.452231368290283
Album_851,225552,6.5334274570076944
Album_852,1871465,6.435135447232179
Album_853,232404,8.626819837329062
Album_854,119266,8.904605097587826
Album_855,15695,6.515104447500629
Album_856,5729,6.201173312274926
Album_857,379538,7.765698667663685
Album_858,317015,6.537332346862835
Album_859,333328,7.959518181306613
Album_860,10946883,7.44350762502156
Album_861,3785217,5.381107062003322
Album_862,1044341,9.057006241596074
Album_863,65492,9.355053207714626
Album_864,179677,6.4646535714187365
Album_865,192477,6.73475812807682
Album_866,257107,7.543038468869886
Album_867,244076,7.60134814798443
Album_868,323903,7.990253127207397
Album_869,1243001,9.61224544651962
Album_870,203363,6.987663327007141
Album_871,757415,6.242043306553856
Album_872,724433,5.544816926382568
Album_873,84132,6.322883952069697
Album_874,10041674,7.160247632551443
Album_875,333237,9.353469436221346
Album_876,23244,6.5788664411565945
Album_877,1974506,7.468545541966678
Album_878,155644,7.180292524712698
Album_879,3127107,8.626071928137701
Album_880,26706,10.0
Album_881,9496089,6.562957472495615
Album_882,2305765,6.612672668978133
Album_883,75022,8.452993052482887
Album_884,63043,8.018269787551574
Album_885,69203099,9.41604879088324
Album_886,261868,7.900713822391157
Album_887,122523,6.768849491055529
Album_888,12360,7.908785796830771
Album_889,777365,8.53044429669949
Album_890,836389,8.184578617436838
Album_891,4571493,7.808728837328758
Album_892,93138,8.480009627506984
Album_893,77730,8.603154708534808
Album_894,4552652,8.858590789245033
Album_895,8910011,7.978451865107571
Album_896,31489,6.999458303619775
Album_897,7656430,7.376056423719987
Album_898,1792261,8.647810759810028
Album_899,4383899,6.219677194815317
Album_900,873936,7.642407970647482
Album_901,4102,6.727993425207167
Album_902,605198,7.234493787521781
Album_903,14466681,8.734142235128758
Album_904,151322,7.429318881623884
Album_905,381525,7.255723857787379
Album_906,250651,5.5681726308240975
Album_907,3822,8.095504279232665
Album_908,33598287,7.974581017369291
Album_909,486601,9.795905667966553
Album_910,1842813,6.830666118056399
Album_911,773041,7.462980393196727
Album_912,11580906,7.499260420452907
Album_913,4678949,9.09294393571617
Album_914,475905,7.085645361135658
Album_915,159593,7.534825830924407
Album_916,5725493,7.929475811659847
Album_917,21270,7.42393094778763
Album_918,2244336,6.664279662539366
Album_919,100545,7.432907991477969
Album_920,18788327,8.488358099831727
Album_921,601204,5.968181640706728
Album_922,3166157,7.359563608976251
Album_923,623999,6.359855022072992
Album_924,49626,8.634055954709812
Album_925,57793,5.372175714259471
Album_926,2212039,6.5292937832740945
Album_927,1410759,7.6526542500774255
Album_928,21884610,9.078628835081208
Album_929,1736008,7.121099686712415
Album_930,83573,6.533760567968162
Album_931,507151,9.457388483328709
Album_932,415412,5.462383319500507
Album_933,2106,4.561432852055901
Album_934,29826041,7.728017340063999
Album_935,1443037,6.597534930776867
Album_936,5082579,5.974520619443144
Album_937,52250,8.050027736759224
Album_938,11244736,7.492560856525439
Album_939,49851076,6.523105643115926
Album_940,26637,5.663634721594927
Album_941,6364702,8.246948793936173
Album_942,1193428,7.980241413550393
Album_943,34600,7.0809889634647405
Album_944,6541978,9.415964395257198
Album_945,2247110,5.9158982804086175
Album_946,96996,5.369369794890313
Album_947,5480397,6.369710316142507
Album_948,27976,7.145296780373402
Album_949,46933,7.49200733918723
Album_950,916624,6.910516730572405
Album_951,1047590,7.6224664758171565
Album_952,90755,5.698152690971467
Album_953,9678791,8.932517524887912
Album_954,2218846,7.101418585928918
Album_955,8768318,8.540754997905754
Album_956,774027,7.611270415653245
Album_957,3538496,7.748103862984541
Album_958,465356,7.883720736278645
Album_959,64119719,7.737250272020778
Album_960,233407,7.971267311841053
Album_961,100000000,8.794983036158918
Album_962,972561,7.435825403641764
Album_963,78777,8.050804509106214
Album_964,11784754,7.092317166855328
Album_965,2460494,8.928140658539368
Album_966,2947337,6.388329237528876
Album_967,27460964,9.36112851949298
Album_968,1546981,7.151810459226788
Album_969,104511,5.483069877458343
Album_970,6127451,7.3537252978929475
Album_971,536531,6.382738011030143
Album_972,5262421,8.20877225878647
Album_973,7339,6.416851224837131
Album_974,1507937,6.664579880142265
Album_975,72337,4.9325511228653625
Album_976,16772236,6.657232416901108
Album_977,654644,4.2913448080452525
Album_978,503517,5.299316611817132
Album_979,3364765,8.112497587373158
Album_980,175360,8.142960190380998
Album_981,26743123,7.710549074141958
Album_982,24216751,6.0396286282449445
Album_983,1718908,7.142746372629625
Album_984,19358566,7.1956769530913185
Album_985,128886,5.809962372968949
Album_986,403451,9.004077962120581
Album_987,1481057,8.252834748690805
Album_988,1685046,6.934842991404404
Album_989,372561,7.2322630067934375
Album_990,2677960,7.450059369537064
Album_991,437021,4.749918157890852
Album_992,94379,6.903387140975284
Album_993,1511171,6.381618902402642
Album_994,2485748,5.998055988126102
Album_995,959606,6.862679648536854
Album_996,23769364,9.357223832219427
Album_997,103745,7.969011433520412
Album_998,1458900,6.514585212260644
Album_999,109424,7.88709933762739
Album_1000,201078,8.879226523903203
Album_1001,397487,8.309560419495323
Album_1002,126963,7.271556443904209
Album_1003,182744,6.423675866753311
Album_1004,798614,8.037867976336308
Album_1005,5446044,7.6721824625060995
Album_1006,725631,8.274231864033279
Album_1007,49506,7.962206162018363
Album_1008,14795998,8.459463258383202
Album_1009,109609,6.557717746127318
Album_1010,1580095,8.78087287876119
Album_1011,2216927,7.43711952563088
Album_1012,4173966,9.690313047150319
Album_1013,4755661,6.372974618292519
Album_1014,5954063,9.283156563798299
Album_1015,162125,7.4374929401551775
Album_1016,42553537,6.418298395662662
Album_1017,889429,6.6193369991348145
Album_1018,495395,6.8155832301668156
Album_1019,7148051,7.7089991356822996
Album_1020,1816828,7.8274025856425995
Album_1021,1269630,6.511559995273705
Album_1022,100000000,7.170774489286821
Album_1023,1681369,9.770724430334237
Album_1024,1203812,9.273051804120854
Album_1025,1322389,7.723588403608838
Album_1026,7030961,7.245604173801841
Album_1027,42571,7.344037592061913
Album_1028,22856,7.9362215672765
Album_1029,134873,5.972648921761913
Album_1030,26310,6.891148155091986
Album_1031,126650,5.197699111346893
Album_1032,2798329,7.679067747126335
Album_1033,200149,7.97663512764329
Album_1034,34767,6.620176245240751
Album_1035,2381083,9.08878411594804
Album_1036,2168676,5.729081204397191
Album_1037,11287,5.442750143748216
Album_1038,4757038,7.469342182271967
Album_1039,7747427,8.456517963134585
Album_1040,14924680,9.220713229749443
Album_1041,7001464,6.649338884557272
Album_1042,100000000,8.494417000117554
Album_1043,386431,7.1537898365991515
Album_1044,904888,6.992847240071017
Album_1045,595596,8.260391924984006
Album_1046,1197022,7.982787454096104
Album_1047,6715382,5.308329411618901
Album_1048,132706,8.971848419671074
Album_1049,329705,8.856109624976941
Album_1050,8701658,6.449324758188565
Album_1051,7862027,7.674964240124891
Album_1052,524475,7.792836223539287
Album_1053,5205406,7.512808518988689
Album_1054,1146527,6.539633815385496
Album_1055,10827234,6.394051958474338
Album_1056,921434,7.1693351148102655
Album_1057,12671952,8.607274823111238
Album_1058,100000000,7.852320185513319
Album_1059,2134685,6.755262801496673
Album_1060,1413635,8.126038452778014
Album_1061,618942,3.78174885524391
Album_1062,773512,8.578518840446524
Album_1063,33669641,5.112343465466281
Album_1064,929756,6.765070870316242
Album_1065,238549,5.856396126448628
Album_1066,69690,5.646382229134913
Album_1067,14518531,8.592992144854223
Album_1068,3449549,6.638758558425731
Album_1069,367028,7.6158046580768595
Album_1070,2482434,7.14369530534498
Album_1071,52528,7.772448992667746
Album_1072,1222042,7.292186269272307
Album_1073,923307,5.6604093309737165
Album_1074,44563233,8.395520183336568
Album_1075,128297,6.607492100206425
Album_1076,24571,5.332101721608299
Album_1077,104013,6.686261806840905
Album_1078,136942,9.000911748761173
Album_1079,19451753,8.220266090536192
Album_1080,14477225,6.781617438710569
Album_1081,1240318,6.780890754817886
Album_1082,7645355,6.814037938539141
Album_1083,3663631,9.692097580273009
Album_1084,838137,7.6583225426778645
Album_1085,536032,7.716049976629284
Album_1086,804026,8.43634014483821
Album_1087,42094,7.486546990831816
Album_1088,1170667,6.889149425015156
Album_1089,661008,6.964380181098027
Album_1090,3428936,7.114078488703123
Album_1091,950471,7.15533331618819
Album_1092,900918,8.073155452364375
Album_1093,145623,7.262335062968759
Album_1094,1445391,8.079168092658696
Album_1095,3361993,7.103140103869701
Album_1096,85862,7.294362228379309
Album_1097,289533,4.802159178561471
Album_1098,2226368,8.299593209642978
Album_1099,236041,7.615786171077591
Album_1100,452749,8.397612131831583
Album_1101,224912,3.724493546167573
Album_1102,292489,9.706049645736872
Album_1103,1492694,7.032492446213792
Album_1104,261502,8.52981938008502
Album_1105,3619200,5.952112887449363
Album_1106,100000000,7.935328686075084
Album_1107,76606,5.9359013241916125
Album_1108,1613884,6.451477247165034
Album_1109,594178,9.496837624640143
Album_1110,5766056,6.971181119083984
Album_1111,73126,7.460919447815668
Album_1112,3552684,8.244081276826506
Album_1113,189364,7.794818265567126
Album_1114,583198,7.380502686172292
Album_1115,127634,7.637953202959471
Album_1116,16931747,10.0
Album_1117,146015,7.130857443559698
Album_1118,2743069,7.441318856057961
Album_1119,760853,8.460785275209135
Album_1120,1244657,8.526631119549581
Album_1121,2208292,8.624436366672457
Album_1122,257709,7.966476266435022
Album_1123,618425,5.8283941047234205
Album_1124,45842769,9.160117838761316
Album_1125,85477,5.824385528377575
Album_1126,10071312,7.56316255828684
Album_1127,10258628,6.294868979976771
Album_1128,151631,7.123033984088409
Album_1129,53484,7.5945148923641765
Album_1130,1788228,7.585628658540328
Album_1131,347436,7.706304905082342
Album_1132,89114551,9.136453522870376
Album_1133,1134537,7.744241161816776
Album_1134,139959,6.907012037651222
Album_1135,144948,8.35690460194603
Album_1136,14555685,8.627364586709568
Album_1137,123138,5.72687062183561
Album_1138,1259339,7.91688008381983
Album_1139,8304508,8.041407290773078
Album_1140,256003,6.84292379596801
Album_1141,1678760,8.850848175973944
Album_1142,712709,7.019933295560968
Album_1143,3409222,7.350691744165851
Album_1144,2368211,6.992313810859357
Album_1145,523933,7.218694857097761
Album_1146,474270,5.884469895725758
Album_1147,161524,5.471938940886847
Album_1148,109259,9.113406075869968
Album_1149,811812,6.183646382018007
Album_1150,19570778,6.010329180652432
Album_1151,37817,4.615931863675542
Album_1152,117074,6.4332459027725974
Album_1153,63875,5.612292247911002
Album_1154,9197043,9.170418192163643
Album_1155,3623174,8.41178050721116
Album_1156,388494,6.374219585786731
Album_1157,496542,9.90292296641317
Album_1158,1747702,8.378118584389913
Album_1159,29023,6.810202339789654
Album_1160,239715,4.200713142151713
Album_1161,18212419,9.94913108710889
Album_1162,28677,5.5325130398836855
Album_1163,14012,5.225521503651731
Album_1164,35054622,8.427084518411569
Album_1165,961722,10.0
Album_1166,17938492,8.861127382212622
Album_1167,830970,7.876690944062831
Album_1168,833128,7.913705209998343
Album_1169,3232850,8.22409867053637
Album_1170,216936,8.110714307744118
Album_1171,1243834,7.537429708763251
Album_1172,400128,7.3250413247422514
Album_1173,55351,7.124888246520573
Album_1174,1007099,6.295242493359988
Album_1175,402310,6.863189907759871
Album_1176,213240,5.168451822965538
Album_1177,67553,7.0819924478463
Album_1178,10741723,6.0136906714189
Album_1179,2400709,5.875692819341075
Album_1180,6176413,7.415872981384174
Album_1181,1008840,8.87040274361352
Album_1182,44029,8.301979927202776
Album_1183,15611750,5.315399275652188
Album_1184,393969,6.012446236115595
Album_1185,317065,8.32892542558586
Album_1186,1029013,6.021015127754029
Album_1187,7271416,6.930440220003571
Album_1188,1070814,7.860062518829462
Album_1189,5816118,6.037986654163638
Album_1190,7491092,7.326450607375152
Album_1191,42058,5.599169406098155
Album_1192,146034,6.4783588272585435
Album_1193,6628860,7.583738320971045
Album_1194,1365,5.288407519761997
Album_1195,778694,7.728569685552479
Album_1196,45549,7.176434641287983
Album_1197,432953,7.862987945300578
Album_1198,507224,7.468696960877594
Album_1199,892690,8.836968515968612
Album_1200,287970,7.350269403177489
Album_1201,69429,6.684713350649696
Album_1202,84918373,7.346757003638741
Album_1203,46777029,7.851957634843665
Album_1204,81241,7.258632084390845
Album_1205,19552007,7.248710029444659
Album_1206,237963,6.3576099746318935
Album_1207,701260,6.404518898938862
Album_1208,306167,5.516873673840368
Album_1209,615536,9.299492091824327
Album_1210,2734301,5.707364117530458
Album_1211,684216,6.368513762644912
Album_1212,201965,6.337911281316964
Album_1213,101496,8.273909252333329
Album_1214,113078,6.846060386049567
Album_1215,63951,8.69729048720848
Album_1216,551475,6.391811250907358
Album_1217,87034,7.534792994668562
Album_1218,287124,6.197583536088292
Album_1219,45230996,9.774178953328066
Album_1220,4351538,5.774881897164585
Album_1221,910126,7.571784852272433
Album_1222,990630,7.960532257118518
Album_1223,44367978,7.6965589169417985
Album_1224,2043837,6.97765480934675
Album_1225,387121,7.044215160319888
Album_1226,47774,7.2525737663749315
Album_1227,1622607,7.023597598045814
Album_1228,7549372,8.356654940153891
Album_1229,858559,9.85262760190962
Album_1230,1032930,6.5310098579905995
Album_1231,171265,5.556236424505107
Album_1232,529117,7.094061541978494
Album_1233,22569,10.0
Album_1234,319410,6.235590518436323
Album_1235,14979732,9.166940166532882
Album_1236,623943,9.21324097689173
Album_1237,642357,6.5356941099504064
Album_1238,250068,7.882779695022331
Album_1239,4403548,9.154075947754245
Album_1240,416431,6.745046710815016
Album_1241,109028,6.955703567877166
Album_1242,8170938,6.501982903261628
Album_1243,2810885,5.98229192316856
Album_1244,162855,6.420866945920792
Album_1245,1046762,5.7312716798852925
Album_1246,2410329,7.240900161911071
Album_1247,1835116,6.27603212272963
Album_1248,31312,7.4805430941488975
Album_1249,2373024,5.332925224555647
Album_1250,314622,7.597056278657349
Album_1251,649827,8.20023475393071
Album_1252,47656143,4.807517228914254
Album_1253,1845352,7.648867883817086
Album_1254,777591,8.67320279096795
Album_1255,4739,5.748430777570554
Album_1256,35430078,9.207086864205245
Album_1257,70332,7.702822811239255
Album_1258,70977,6.353985773089909
Album_1259,401849,7.133077106810753
Album_1260,19150123,7.8699922950260675
Album_1261,3961301,7.291206469694894
Album_1262,812262,7.846507190935643
Album_1263,859563,6.0951916883047605
Album_1264,268564,7.4032329888432935
Album_1265,456378,5.503542603714024
Album_1266,873215,7.06652872638156
Album_1267,3253348,6.115310830242253
Album_1268,3587758,6.31736406889228
Album_1269,4545328,8.683311810252524
Album_1270,751698,8.509572144713124
Album_1271,5122368,7.930965745088613
Album_1272,348249,5.889224682392905
Album_1273,76597,6.820309860366238
Album_1274,745106,8.65571723997502
Album_1275,1039327,7.370060296367886
Album_1276,20015735,9.983195447978034
Album_1277,707104,7.671981407273247
Album_1278,80566,7.430458939788038
Album_1279,750138,6.829060242956999
Album_1280,1095845,7.360249085738739
Album_1281,1066820,7.017036196343348
Album_1282,7760895,8.049730412026308
Album_1283,10983095,8.3480427801535
Album_1284,153274,6.256812647390461
Album_1285,105764,5.602520455730667
Album_1286,33452,4.996553552276044
Album_1287,4423430,7.809589592295053
Album_1288,7539151,5.875960072591352
Album_1289,117960,4.61653128845702
Album_1290,627994,7.666294325437157
Album_1291,61439598,10.0
Album_1292,2207725,7.192714906152128
Album_1293,3190109,8.20618892934197
Album_1294,78218,7.298195230257078
Album_1295,2952380,7.081332416170629
Album_1296,218201,8.302891779585323
Album_1297,70108,6.851670546973619
Album_1298,473019,7.520870776886284
Album_1299,302983,7.586037367435217
Album_1300,346606,6.398291455628342
Album_1301,81900,8.390450819443828
Album_1302,4938917,6.990048291965509
Album_1303,4886200,6.293105808608587
Album_1304,22634,7.843811812284485
Album_1305,3327842,6.1218384218507556
Album_1306,162080,7.233817388842954
Album_1307,4450289,7.189057204026956
Album_1308,1348690,8.503074678997894
Album_1309,1135257,7.769637879455944
Album_1310,548415,7.1699676495058275
Album_1311,14870920,8.181319559040345
Album_1312,155585,8.868249058820776
Album_1313,3799449,7.869372367622235
Album_1314,7340165,7.212423143812057
Album_1315,1537361,5.625796521179809
Album_1316,44470189,5.921863604309554
Album_1317,233041,6.833730354774399
Album_1318,3793889,6.468585357408861
Album_1319,582821,6.975634436417465
Album_1320,9828551,7.267979909876529
Album_1321,1090817,7.835631305228077
Album_1322,355737,7.11540146632909
Album_1323,14710107,7.7838019725914425
Album_1324,313501,7.277369297772144
Album_1325,14607,4.829440120375354
Album_1326,163195,6.072797527417495
Album_1327,2550024,7.0270949331340615
Album_1328,6313878,5.748366308590671
Album_1329,1442972,7.919914475995445
Album_1330,28200341,9.036900998812436
Album_1331,110736,8.66251422203678
Album_1332,292262,6.943868554883751
Album_1333,1107134,8.988871364219943
Album_1334,700872,7.378400948642534
Album_1335,779133,6.795496834658353
Album_1336,2221693,6.463916803750872
Album_1337,276206,6.837036376214246
Album_1338,843361,6.734187817750525
Album_1339,815864,7.404499466850585
Album_1340,139324,7.3926887772598375
Album_1341,643382,7.203655224184097
Album_1342,786103,7.72432580369562
Album_1343,1183783,8.62877552974361
Album_1344,1518527,8.339464962529588
Album_1345,384772,5.4181224378601165
Album_1346,73354,4.135294638117655
Album_1347,18002503,8.32118389348713
Album_1348,34231,5.559745561901495
Album_1349,166574,6.93028151772878
Album_1350,100000000,5.795864368728768
Album_1351,34297,5.0376234749039766
Album_1352,74411,7.849755273845746
Album_1353,5523081,8.110986192363177
Album_1354,8953,6.508187519127937
Album_1355,106385,4.090749249426109
Album_1356,42452789,6.544506662097021
Album_1357,46407,7.670164806483056
Album_1358,6302,5.425306117471045
Album_1359,44875,7.420031903734987
Album_1360,4816380,7.181628180992406
Album_1361,10822396,7.895149799521306
Album_1362,310696,7.343496442096984
Album_1363,1763098,6.0323172709421335
Album_1364,26654100,8.63588580199739
Album_1365,26155631,7.009764512367636
Album_1366,484535,7.167234552588082
Album_1367,4615,6.080078449112165
Album_1368,119643,6.668061298570188
Album_1369,201896,6.138236743167719
Album_1370,432940,6.992464728091893
Album_1371,1546192,9.254050176170812
Album_1372,3317256,5.553718628482373
Album_1373,3916543,5.263726322547911
Album_1374,1382432,8.96540439299233
Album_1375,6397229,6.948811587417761
Album_1376,1103369,6.3971127136081005
Album_1377,1711626,8.447885624875292
Album_1378,3435657,6.473261352315763
Album_1379,2785979,9.391211656256324
Album_1380,74207655,8.013511045607123
Album_1381,33874,6.614506310225157
Album_1382,1049729,9.788769855918604
Album_1383,435187,6.473142092395994
Album_1384,3030270,8.090514446411168
Album_1385,12182322,7.55915109648779
Album_1386,1676548,8.762089547278558
Album_1387,119664,9.073813436072223
Album_1388,4431418,7.23840497887892
Album_1389,2321831,6.29589855558458
Album_1390,21856,7.75196657152694
Album_1391,532726,6.386741556297473
Album_1392,112167,9.616064697031948
Album_1393,231565,7.363842397299285
Album_1394,106424,6.76161413842547
Album_1395,4544087,7.42161636703789
Album_1396,453787,5.583448452564364
Album_1397,34401,6.034063153787218
Album_1398,9629869,8.640496689533311
Album_1399,30891,6.411726865234325
Album_1400,832410,5.943706820781673
Album_1401,218375,7.8439833030327435
Album_1402,790221,8.622844985595597
Album_1403,3402134,8.06274397279808
Album_1404,4157927,8.395257222966979
Album_1405,7421272,6.291845893716648
Album_1406,291386,5.493827199909788
Album_1407,3662666,9.001600382346584
Album_1408,276763,6.8127841933894375
Album_1409,997971,6.899000380253943
Album_1410,4307587,8.793832970218869
Album_1411,924601,7.867476011280792
Album_1412,28739,7.747065326497929
Album_1413,5734110,9.7980028138813
Album_1414,1135986,6.4277781235438285
Album_1415,360900,8.313408153697484
Album_1416,63922,7.268415749876501
Album_1417,18127010,7.522310734635909
Album_1418,5389547,9.034162111695037
Album_1419,691445,7.809402907547549
Album_1420,114566,7.84595529485956
Album_1421,296521,8.487008804771763
Album_1422,8764404,6.762056724548538
Album_1423,641649,6.192948399193193
Album_1424,143191,5.9462289671747595
Album_1425,686639,4.840372092748798
Album_1426,543034,9.667448555928386
Album_1427,8366624,5.87614996113398
Album_1428,10562799,6.934495651697074
Album_1429,268542,6.8678240401332955
Album_1430,275709,7.568888037370921
Album_1431,6996,8.178884655047156
Album_1432,69781,8.232568186031695
Album_1433,38995,6.500307073717274
Album_1434,955612,6.999453943456307
Album_1435,497365,7.53909594058596
Album_1436,47104,6.901570648579744
Album_1437,1205107,9.12881469122399
Album_1438,2973526,7.789169941965902
Album_1439,3600579,8.08185334325978
Album_1440,26859,7.995457522400895
Album_1441,1261178,8.60816862898239
Album_1442,56496,7.417225870444448
Album_1443,2247565,5.643801662452985
Album_1444,4916490,7.67962554210317
Album_1445,90502,6.418371727449806
Album_1446,126847,6.565659981900292
Album_1447,455560,7.903636822506112
Album_1448,18720,8.685939685720363
Album_1449,1598696,7.225525892083274
Album_1450,562198,7.5705996151187565
Album_1451,15582812,9.242657933562285
Album_1452,103531,7.488903815386282
Album_1453,947662,10.0
Album_1454,55617,7.878611574757853
Album_1455,37607,5.087084689013019
Album_1456,119138,8.104009945325439
Album_1457,7427072,7.657390061859333
Album_1458,432495,8.747703304899295
Album_1459,1547668,8.00781762152395
Album_1460,346417,7.033852819219471
Album_1461,30530,5.730842116452761
Album_1462,507872,6.94917209125677
Album_1463,1603812,6.17937545494884
Album_1464,50826,6.503371860234333
Album_1465,5788435,7.906294085304731
Album_1466,401314,9.203885405221687
Album_1467,388805,7.673605835787577
Album_1468,1136923,5.764940325557779
Album_1469,279257,7.733523201864169
Album_1470,1781789,8.635957783974781
Album_1471,297970,6.468260514816741
Album_1472,963498,7.0391793999924985
Album_1473,6955,7.2176258336750365
Album_1474,12960,6.258122024301312
Album_1475,4077123,7.977936520612631
Album_1476,5967233,7.054862221670662
Album_1477,167836,7.703438932688433
Album_1478,290525,6.13500938663748
Album_1479,1117901,6.675050039611907
Album_1480,4974642,8.066857629393326
Album_1481,11169,6.75260021748988
Album_1482,386195,9.272356621480085
Album_1483,326132,6.720436577262477
Album_1484,3764370,7.469621670902264
Album_1485,100000000,8.319108998247708
Album_1486,218156,5.497961120480362
Album_1487,16807,5.087029425623069
Album_1488,721539,5.369212422515886
Album_1489,24143893,8.715100924112619
Album_1490,718494,6.537770224929064
Album_1491,533227,10.0
Album_1492,3903715,6.522902881611134
Album_1493,3395026,7.421461563836445
Album_1494,261216,9.05053194308145
Album_1495,5760339,9.607311465790948
Album_1496,20407913,9.673804291963677
Album_1497,17695126,8.650039476711772
Album_1498,1304772,8.428875030973755
Album_1499,562056,7.9110323390414194
Album_1500,14970082,8.134033291399966
Album_1501,51480,6.53857714040576
Album_1502,1186168,6.218161339893232
Album_1503,51944,7.195950651106858
Album_1504,6129610,6.995778452970086
Album_1505,366580,6.65612634080727
Album_1506,15479063,8.03566493694806
Album_1507,3820946,8.346366250284612
Album_1508,73614,7.306088263550217
Album_1509,33793313,8.973036097266315
Album_1510,9042778,5.829973063039795
Album_1511,4190695,6.9676086488643385
Album_1512,114317,6.339813215276634
Album_1513,142635,4.960156059512329
Album_1514,1026069,7.100783176988761
Album_1515,183419,7.05390298994006
Album_1516,58983186,9.016139691890558
Album_1517,1570869,7.956974021465733
Album_1518,1956,5.970975810804954
Album_1519,4833914,9.424911079601026
Album_1520,835934,8.665240434630423
Album_1521,984023,7.898517244162339
Album_1522,336674,6.928219081380202
Album_1523,2277136,6.048672915931824
Album_1524,6052920,6.753351868714737
Album_1525,2728753,8.506498343645024
Album_1526,1266958,9.46150356712153
Album_1527,1873411,9.051892233926626
Album_1528,625239,6.613380693856471
Album_1529,82732,5.856459080053186
Album_1530,2792335,7.369063496293445
Album_1531,700129,5.077872761324578
Album_1532,21312048,7.587801257021738
Album_1533,9085024,7.0228768964415975
Album_1534,154666,6.64075619775811
Album_1535,1597219,5.286356319279846
Album_1536,163775,7.81632012788366
Album_1537,2355453,6.560758992405707
Album_1538,142176,5.796099797147654
Album_1539,18585,3.753285344062021
Album_1540,1388287,7.166982113939237
Album_1541,11094,9.326701916003692
Album_1542,65828,9.193511057457444
Album_1543,429663,6.651484492096474
Album_1544,662354,6.477345527565864
Album_1545,510235,7.762529107290028
Album_1546,18809,6.001937472974051
Album_1547,188205,7.562150279783359
Album_1548,2791436,8.119296334061628
Album_1549,5388208,8.67231986866117
Album_1550,734879,7.079815108224057
Album_1551,7213489,6.955591499787641
Album_1552,1053896,6.146420895892127
Album_1553,110079,6.207743575152168
Album_1554,401558,6.928225329718168
Album_1555,60760,7.640838608179414
Album_1556,1123402,8.2963015514799
Album_1557,4603345,6.2361852591835865
Album_1558,7773206,8.991226282751427
Album_1559,11311658,6.874651678748918
Album_1560,434264,7.174359246781877
Album_1561,7601624,6.303345985022612
Album_1562,127879,4.29091168767247
Album_1563,25999747,8.26085447563326
Album_1564,1200673,8.084212676510921
Album_1565,2801501,6.862406931458144
Album_1566,16037161,7.280388860669847
Album_1567,746169,7.819127061244919
Album_1568,488576,5.324944971736149
Album_1569,7727494,6.565136787184446
Album_1570,995054,8.153117615546194
Album_1571,27055,5.694852692196901
Album_1572,69870135,7.552269518599955
Album_1573,139597,5.572101834451914
Album_1574,1465006,7.759715978920232
Album_1575,7965485,7.15723022124302
Album_1576,90574,5.261841820913389
Album_1577,216016,8.597687225348606
Album_1578,861749,6.318490107842341
Album_1579,13734,6.227697075582743
Album_1580,511206,7.4406830366771315
Album_1581,2621506,8.578364819314459
Album_1582,255404,5.981013817225924
Album_1583,38181,7.274015819817566
Album_1584,25283076,7.714579800396688
Album_1585,1502948,8.031726728715773
Album_1586,15684274,7.411729866332671
Album_1587,384504,6.759566593100013
Album_1588,84408,6.206891735221537
Album_1589,1454318,7.30337265965565
Album_1590,275169,5.913433185617272
Album_1591,13248,3.6943794198064714
Album_1592,19806176,7.723871764989202
Album_1593,399440,8.284721809303434
Album_1594,4923,4.364481077349794
Album_1595,6265028,5.988323154348075
Album_1596,426299,7.9429851132062375
Album_1597,821469,9.668994563654039
Album_1598,23901,7.224952449210489
Album_1599,16938186,6.326396470525038
Album_1600,54792,6.980524270674192
Album_1601,2067446,8.849851702977823
Album_1602,3394483,6.4248429850505575
Album_1603,1159986,6.240969592019696
Album_1604,535547,6.620707773381561
Album_1605,15133,6.0560056700895455
Album_1606,171811,7.347204379193755
Album_1607,3110853,9.149614150163472
Album_1608,202703,7.587695127739235
Album_1609,1040598,6.897175797448455
Album_1610,2645577,6.849826477301347
Album_1611,2163182,5.3241710295640114
Album_1612,117889,8.25973173257659
Album_1613,62245063,7.1065953635846375
Album_1614,3357377,6.98342410369125
Album_1615,3257829,10.0
Album_1616,8523391,7.558503490038824
Album_1617,58220082,6.297850739885779
Album_1618,35127,6.688370884553349
Album_1619,1023298,8.578134851036106
Album_1620,7413,7.335924492645318
Album_1621,499986,5.47406642601916
Album_1622,2906109,8.303074721490244
Album_1623,499213,6.398227097353208
Album_1624,669918,9.447957331461055
Album_1625,25565,8.496057678857579
Album_1626,1301039,6.6632137252094985
Album_1627,31943484,8.737219634082136
Album_1628,257474,7.281426612632884
Album_1629,3242269,8.223328410146664
Album_1630,46842,7.78167938075337
Album_1631,1210582,6.184372014010952
Album_1632,249472,6.427740201219046
Album_1633,325507,8.435952981097394
Album_1634,144120,6.7982696014721515
Album_1635,287963,6.715621844109604
Album_1636,976561,6.0538529047807765
Album_1637,75345,7.708318878712153
Album_1638,1255801,9.675029903091774
Album_1639,391028,5.918960502894873
Album_1640,90803,7.22906334800731
Album_1641,68384909,8.894664666498516
Album_1642,139416,7.104430330505142
Album_1643,277215,7.742846155499681
Album_1644,60231,5.925127766223745
Album_1645,38032226,7.713968516649178
Album_1646,2177142,6.975426881994542
Album_1647,223743,8.382875994815835
Album_1648,15020023,8.624863261877701
Album_1649,4883620,10.0
Album_1650,1909375,7.895559807856291
Album_1651,492142,7.5909555798985995
Album_1652,202358,7.433261161892803
Album_1653,1281616,6.776200448627174
Album_1654,332008,7.60618061215403
Album_1655,25553131,6.8455183078331645
Album_1656,70438,7.402153171523537
Album_1657,38373284,8.781117042729552
Album_1658,352722,5.99214892166443
Album_1659,2905449,8.567854273354854
Album_1660,9403425,8.780538080807839
Album_1661,212917,7.058317767610705
Album_1662,1271088,4.653774121189686
Album_1663,2490,6.470613615486681
Album_1664,415907,8.756393455873331
Album_1665,125260,7.172558325241342
Album_1666,36076,6.000837321246108
Album_1667,387404,6.59427009452614
Album_1668,2887414,8.208744031805464
Album_1669,4562403,7.856080281841655
Album_1670,1130752,6.913281480996367
Album_1671,170846,6.7598107058223755
Album_1672,1333047,6.729890221147414
Album_1673,594291,6.093107778601797
Album_1674,13815997,9.13845082736333
Album_1675,3142348,6.813215436946392
Album_1676,1778441,8.660590224990596
Album_1677,333795,9.025579262306941
Album_1678,397554,8.397973077777552
Album_1679,207201,6.682055624738342
Album_1680,546727,7.684476108403931
Album_1681,1358081,7.170965272330901
Album_1682,1959358,6.115557767123846
Album_1683,884146,7.589231138065924
Album_1684,410374,5.785152250608237
Album_1685,2189579,8.625215266153877
Album_1686,217383,6.6424592432419285
Album_1687,142901,7.441391587047407
Album_1688,28540,7.539945445855371
Album_1689,171846,6.889314031555108
Album_1690,2952926,7.90403256177033
Album_1691,148632,6.630115612052971
Album_1692,845061,8.245556756948693
Album_1693,913715,5.584824383703902
Album_1694,2463778,7.351655495455694
Album_1695,297834,9.526714798869943
Album_1696,3249201,5.999602410473311
Album_1697,5116868,6.386706035370178
Album_1698,114536,7.816689419590698
Album_1699,172832,7.415498138327518
Album_1700,10773063,7.620756119128271
Album_1701,805972,7.7870245561771965
Album_1702,13922,7.961665762274124
Album_1703,95459,8.531639810347468
Album_1704,626028,7.691782388314215
Album_1705,68129,6.9104908144577495
Album_1706,527918,8.007088441443278
Album_1707,2689112,9.479858321874259
Album_1708,13865703,7.040839504340912
Album_1709,251292,6.03056483439523
Album_1710,13380808,8.528496803144368
Album_1711,13062964,7.055542603255683
Album_1712,3855524,4.592796544783157
Album_1713,2368961,8.216906012580505
Album_1714,11524,6.557606176855293
Album_1715,1919028,7.091360061235007
Album_1716,8008291,7.598376396682817
Album_1717,768476,7.42859961573488
Album_1718,40420143,8.051342180566847
Album_1719,3465527,6.677416355316188
Album_1720,3417467,7.815726957811299
Album_1721,6058867,6.8885439868992995
Album_1722,2446150,8.086572577065004
Album_1723,7971,7.938440980815664
Album_1724,169474,6.077473557546486
Album_1725,16952490,8.503178539410039
Album_1726,116219,6.556843865863143
Album_1727,837259,8.169669357937375
Album_1728,124330,7.6407447760816085
Album_1729,86077223,9.405820412154148
Album_1730,20356387,6.931840821153777
Album_1731,111599,6.780819844658163
Album_1732,1069759,7.176696472934721
Album_1733,172319,6.83618426059887
Album_1734,4456411,8.15993028233046
Album_1735,847104,5.260427269876095
Album_1736,2172092,5.935581097024375
Album_1737,825013,5.918636494104969
Album_1738,100000000,8.340369110368291
Album_1739,287943,9.25273604709831
Album_1740,24738,7.074660937755034
Album_1741,331879,6.9974139321719875
Album_1742,36536,7.284062595735818
Album_1743,81813,8.594253963129828
Album_1744,62377,6.0871762389713115
Album_1745,147067,7.4860427792817426
Album_1746,214460,8.370237155738916
Album_1747,3069712,7.801313003927815
Album_1748,328197,7.427497939918492
Album_1749,1026431,8.40125531108057
Album_1750,952195,3.956121248400916
Album_1751,261471,8.013450383437089
Album_1752,320764,6.415109180247091
Album_1753,558572,5.003240523772252
Album_1754,22552,7.813443119429977
Album_1755,15589,8.84839025419555
Album_1756,1483278,7.03506178244677
Album_1757,3819970,8.343449456643526
Album_1758,100000000,9.134733909586375
Album_1759,2434223,8.777897344300857
Album_1760,11111133,9.167957435245672
Album_1761,851139,8.090552989286271
Album_1762,1528373,7.290520366681911
Album_1763,8652286,5.277641025723398
Album_1764,9940,6.904725014244062
Album_1765,1111570,6.18810408562057
Album_1766,100000000,9.805131260997376
Album_1767,1275102,6.988937025081197
Album_1768,23560185,7.347845768141383
Album_1769,318847,7.861782451248561
Album_1770,776123,7.252322935646944
Album_1771,2383498,9.234061248516904
Album_1772,6576,6.452820765918657
Album_1773,87588,7.433528946284691
Album_1774,57570,6.3090352971623425
Album_1775,1890059,5.615972986535153
Album_1776,3195470,6.465877090913658
Album_1777,1507330,7.155555843541905
Album_1778,3238511,6.684837330579288
Album_1779,383175,6.369094824151373
Album_1780,3836506,5.5124190435938
Album_1781,780518,7.100273312845567
Album_1782,366918,5.394335551162797
Album_1783,747768,8.112067156427523
Album_1784,3329606,7.298927703521404
Album_1785,144794,5.450938200642083
Album_1786,4720084,6.828949107540164
Album_1787,53338,6.2974123132913
Album_1788,108409,7.583009412503016
Album_1789,7125024,8.808540535227774
Album_1790,219214,4.949793036425106
Album_1791,348444,7.338031294976901
Album_1792,4342825,7.007840645320032
Album_1793,357997,8.005608091740559
Album_1794,613855,7.455835953885227
Album_1795,8429721,6.297636801913417
Album_1796,14459357,6.817135277200059
Album_1797,11607719,6.244768971835813
Album_1798,874452,8.491208566318319
Album_1799,9570469,7.225573978406331
Album_1800,378060,9.48142882290361
Album_1801,126727,7.127207023422455
Album_1802,4788,6.349911879707445
Album_1803,9225738,5.383542728864608
Album_1804,48540,5.036232388492866
Album_1805,241941,5.299036868393412
Album_1806,153219,7.520551981213781
Album_1807,4393187,7.810470027875921
Album_1808,147269,5.30257115756144
Album_1809,101456,8.274045976891339
Album_1810,1459330,6.620326737979873
Album_1811,50041,7.3761516143826595
Album_1812,397329,9.13466475390651
Album_1813,20421,8.27620717903864
Album_1814,39773,6.877763222513002
Album_1815,674915,6.130569329501656
Album_1816,4358,4.617821518404835
Album_1817,27070,6.3370160169090965
Album_1818,706857,6.9466437134067665
Album_1819,150313,6.01538456741858
Album_1820,40037180,7.042491639489235
Album_1821,33062300,7.292222259550522
Album_1822,124149,6.930172821830306
Album_1823,1663232,6.419996903011849
Album_1824,3991820,7.402385606360073
Album_1825,318127,7.730328779483291
Album_1826,21050,5.891521107068585
Album_1827,1833913,8.893118855695525
Album_1828,537753,7.081694241258886
Album_1829,341048,7.222619547533817
Album_1830,2986349,8.04985730790787
Album_1831,206585,7.479859357516202
Album_1832,142612,8.343763960695894
Album_1833,1191162,7.544548998242189
Album_1834,1208001,6.465075150431475
Album_1835,95188,7.633804230247322
Album_1836,2597202,5.827528551215206
Album_1837,24938,7.330271646931828
Album_1838,248658,7.160124011226647
Album_1839,424689,6.950259771272952
Album_1840,209071,7.045754986273283
Album_1841,84184,4.9417811454028335
Album_1842,24468913,6.541530110710847
Album_1843,155428,7.3114138813693375
Album_1844,100000000,7.39182767039688
Album_1845,1043038,5.9667898308888505
Album_1846,2070985,8.718849409037642
Album_1847,1242673,6.160590182142599
Album_1848,100000000,8.363348640632084
Album_1849,142790,7.712633234246022
Album_1850,58187,6.424527228187436
Album_1851,516822,9.330373071131415
Album_1852,420039,5.767635801892224
Album_1853,44353,8.302985008332001
Album_1854,1536515,8.400698781651574
Album_1855,15946056,6.395255749108026
Album_1856,2516284,8.870958360077195
Album_1857,386389,6.899944182481256
Album_1858,278422,7.5464323551358286
Album_1859,5684288,7.512386206525465
Album_1860,142592,7.038829510235343
Album_1861,52655265,8.172969927791739
Album_1862,62010403,8.152186464662655
Album_1863,471833,5.101761632114183
Album_1864,1722993,8.765208291453783
Album_1865,2335705,5.205009614357191
Album_1866,13378034,8.43905544520999
Album_1867,316171,8.5520461641931
Album_1868,146138,5.890840283741762
Album_1869,44748,6.7070228544544985
Album_1870,941008,5.873154397816878
Album_1871,2687987,6.942094763653518
Album_1872,45040,6.83035885897711
Album_1873,517828,8.135592638723208
Album_1874,119572,8.77237049534353
Album_1875,308602,8.874820572947947
Album_1876,1731906,6.525398368106037
Album_1877,163980,6.948933751506567
Album_1878,160859,5.17987416933486
Album_1879,19184,6.2329559202045735
Album_1880,2090453,8.357821959716949
Album_1881,1945059,9.138699388257878
Album_1882,89453,5.7187813537440935
Album_1883,387121,6.4890428890165275
Album_1884,1137958,7.168313091649288
Album_1885,186905,7.536193390583528
Album_1886,25892,6.228475776094025
Album_1887,38477549,7.7088732533569075
Album_1888,170954,6.631392783514901
Album_1889,658558,7.182657274946065
Album_1890,8448082,7.85554109760444
Album_1891,100000000,7.207706723773126
Album_1892,51492,6.676336931368118
Album_1893,1855915,7.068468235289004
Album_1894,185698,7.093964448953598
Album_1895,219786,6.755986764141447
Album_1896,163455,6.8894447247994774
Album_1897,221433,9.118376604605661
Album_1898,1039207,7.8731033375294865
Album_1899,35373,6.8454236183650075
Album_1900,8135825,8.036345285412883
Album_1901,736536,6.799416612292788
Album_1902,3793291,8.607749565103969
Album_1903,396094,7.643570630637713
Album_1904,362656,7.071237427194926
Album_1905,1874322,7.737260310972333
Album_1906,30618,5.314948617517802
Album_1907,200377,5.847879037308234
Album_1908,70574,5.767289992321134
Album_1909,147949,7.371531713716449
Album_1910,33517,9.279017999382111
Album_1911,44787214,9.877560175431158
Album_1912,299465,7.965661321728909
Album_1913,11153442,7.801013369933348
Album_1914,2319703,5.038730719016714
Album_1915,44462,6.5487914403191745
Album_1916,56982,6.254659497710113
Album_1917,93036026,6.454982882098661
Album_1918,24178287,6.998227417698253
Album_1919,570180,6.633491306763448
Album_1920,411336,4.824840227549055
Album_1921,357558,8.09749230734104
Album_1922,1005564,5.912708369112233
Album_1923,221723,7.48709623693338
Album_1924,48037,9.688899203699968
Album_1925,33032,6.096738490096293
Album_1926,184243,4.163654972704405
Album_1927,70704,6.856794933743867
Album_1928,1364121,8.521151561998286
Album_1929,304274,9.550016945064712
Album_1930,80624,5.7245404866571
Album_1931,5982506,7.796039067883826
Album_1932,1000264,6.641627451863936
Album_1933,741998,7.072861974835037
Album_1934,18961628,10.0
Album_1935,855494,5.3964356059258165
Album_1936,16943085,7.504487593793488
Album_1937,425447,7.76123180611852
Album_1938,654876,8.502943589927217
Album_1939,63358,7.3175797841650745
Album_1940,411213,7.569660647404923
Album_1941,4388730,6.730021719093851
Album_1942,12755216,7.522952329494129
Album_1943,4478035,6.788169269403108
Album_1944,32356,7.9458862678272615
Album_1945,5635093,6.7564675967476395
Album_1946,25571,7.652520472682624
Album_1947,4773913,7.164884623578026
Album_1948,759230,8.551260300926602
Album_1949,3185852,7.138327531693816
Album_1950,19366,5.072361038151742
Album_1951,17885272,8.71430580085679
Album_1952,24999,6.113121238964857
Album_1953,143032,6.415480393621417
Album_1954,76604,6.48520644714781
Album_1955,55055,8.849325711804982
Album_1956,270398,4.637190943225566
Album_1957,100000000,10.0
Album_1958,100000000,8.467268170879262
Album_1959,1119345,7.4678866969549915
Album_1960,7278433,7.1341271992604565
Album_1961,1521978,7.542664889829188
Album_1962,2988971,7.825346914055206
Album_1963,598889,7.974258703140069
Album_1964,1661973,7.866725359204138
Album_1965,2492273,7.307496817506299
Album_1966,225184,6.963193895631209
Album_1967,630486,7.018472059615786
Album_1968,638064,6.966110063576783
Album_1969,8310818,8.560524116240478
Album_1970,136498,7.912268066737035
Album_1971,124577,3.671533638402864
Album_1972,54709690,7.987080931835713
Album_1973,9294766,7.43368343366253
Album_1974,11841641,7.177549492264923
Album_1975,670482,6.7337778562933375
Album_1976,3007027,8.548935263983216
Album_1977,10564271,8.337031754547429
Album_1978,11487665,6.272546798611669
Album_1979,20765,7.688462744549442
Album_1980,32406,6.034011918550457
Album_1981,4833673,5.544458202253283
Album_1982,318122,6.4479393304920425
Album_1983,352919,8.234872166859311
Album_1984,116256,8.343750054451304
Album_1985,361427,7.815702504116752
Album_1986,75381,8.070114944217597
Album_1987,71979759,7.81941394453795
Album_1988,524520,6.430222085732457
Album_1989,930290,7.718307053608729
Album_1990,4224447,8.160491430273218
Album_1991,8686365,8.10514959577629
Album_1992,10909279,8.626696045769572
Album_1993,10556223,8.049964616641276
Album_1994,281863,7.621737849049899
Album_1995,844378,8.484180285979713
Album_1996,3693741,7.168174488901128
Album_1997,165395,6.141750418526739
Album_1998,723565,7.0043196432674835
Album_1999,1144623,6.3061168262322616
Album_2000,2585070,6.389786070030742
Album_2001,21118,7.0265775951413785
Album_2002,2092854,6.249096094800047
Album_2003,419901,6.830446164433152
Album_2004,1065278,4.927662399655457
Album_2005,4333298,7.455952448847526
Album_2006,20106494,7.201446570434669
Album_2007,7397510,6.219493642718172
Album_2008,17693196,7.991094802118886
Album_2009,25390425,8.32508416515187
Album_2010,550301,5.270928162757231
Album_2011,544016,6.284730265720543
Album_2012,2911412,6.2770291802552425
Album_2013,1983195,6.0721162786693625
Album_2014,714653,8.195369810318098
Album_2015,1612588,6.967408633472636
Album_2016,641200,6.882582190427267
Album_2017,43906,4.795365162711896
Album_2018,15590499,7.962501636251072
Album_2019,427985,5.7128899261758335
Album_2020,50292981,7.271919156319594
Album_2021,36880,7.53285232554983
Album_2022,598892,8.832790315006381
Album_2023,392379,5.629415521057066
Album_2024,1280876,3.57658541301501
Album_2025,2001181,7.420619453704434
Album_2026,4418241,9.360613417813024
Album_2027,177875,8.686735623527325
Album_2028,90392,7.451591298329551
Album_2029,1143984,6.6100365772415435
Album_2030,85482,8.168547115964772
Album_2031,155145,6.031744560354638
Album_2032,2921621,7.771629323227463
Album_2033,153067,7.806564190999953
Album_2034,37762906,8.472251888998656
Album_2035,37802004,10.0
Album_2036,44029,7.67089916061452
Album_2037,92030,6.589243649151002
Album_2038,8209,7.169310825369607
Album_2039,58300,5.077108914133058
Album_2040,2460681,6.36634424269313
Album_2041,275582,6.708861074264275
Album_2042,1479391,6.5710939224784894
Album_2043,42055,7.382825846440467
Album_2044,2427806,6.21309608114136
Album_2045,520424,8.545236800789366
Album_2046,826093,7.2002484779018365
Album_2047,665750,7.188839614633663
Album_2048,52060,6.806526340184499
Album_2049,88163,7.386228820630775
Album_2050,9162667,8.190117917601162
Album_2051,1064170,6.159443741146919
Album_2052,4435842,6.410260213109693
Album_2053,1286043,6.835528765468003
Album_2054,478522,5.584954891832142
Album_2055,15621,6.216890568334203
Album_2056,352756,6.62853495174641
Album_2057,1289628,8.249267016855272
Album_2058,46910458,7.51507359480231
Album_2059,3577115,7.432307893641053
Album_2060,28995788,8.221077554601568
Album_2061,2452583,7.035153853920725
Album_2062,245652,7.668557819914668
Album_2063,957724,7.0761338964810045
Album_2064,1516119,7.5184348192795545
Album_2065,86858,6.500689610866102
Album_2066,86503,4.273419410068286
Album_2067,492819,7.038865005376435
Album_2068,46963842,8.907297763319928
Album_2069,21900,8.311458482689911
Album_2070,16044478,8.358476981509405
Album_2071,259909,8.683356866167461
Album_2072,54668,7.306389109153725
Album_2073,9609605,7.436778848886715
Album_2074,2405347,6.45881772547878
Album_2075,8197941,6.82071257276754
Album_2076,5785507,7.9389253797253705
Album_2077,100000000,8.64466132460258
Album_2078,2266573,7.032664469182801
Album_2079,449967,6.659772882178307
Album_2080,1601048,7.200633550627917
Album_2081,13903654,7.921448098714938
Album_2082,71320,5.4673742206397495
Album_2083,55188,4.444582856235314
Album_2084,312311,6.5393557806101
Album_2085,5758,5.73514508890301
Album_2086,783301,6.590231762823227
Album_2087,16967,7.022663617419035
Album_2088,682944,6.656101909172384
Album_2089,10875901,8.942961041364894
Album_2090,377865,7.5920937175227845
Album_2091,27632864,7.560569231532995
Album_2092,63090,7.946648572852083
Album_2093,4409277,5.833400258663078
Album_2094,5802162,8.446934144904322
Album_2095,24896,7.109082856157448
Album_2096,100000000,8.004576740689455
Album_2097,373022,5.913771320351813
Album_2098,54872,5.335489480780723
Album_2099,78949,8.181467589630035
Album_2100,650703,7.65169143131702
Album_2101,363652,6.117538134770988
Album_2102,587418,6.156404302470367
Album_2103,872980,8.550521741297723
Album_2104,1401149,5.772705728559207
Album_2105,994846,9.171207543907157
Album_2106,9795,6.119255118422558
Album_2107,877043,7.96607031073006
Album_2108,5813,6.805657829101219
Album_2109,2348890,7.923824917298812
Album_2110,82037,6.547063197462969
Album_2111,1013626,7.004648512713247
Album_2112,11440857,7.249103010474865
Album_2113,66249,5.997375053062233
Album_2114,10501273,8.088989214504151
Album_2115,249021,6.584143720234098
Album_2116,23423015,6.925680101591978
Album_2117,213861,6.006780750469785
Album_2118,32260,4.125199609445628
Album_2119,2841550,6.970766684879798
Album_2120,1367398,10.0
Album_2121,239872,8.14152514547763
Album_2122,306435,7.176887544318727
Album_2123,629733,6.8845310049500785
Album_2124,11969110,7.226959071374456
Album_2125,23390,7.856542938210252
Album_2126,415681,5.783024621629386
Album_2127,5489788,8.537186033602646
Album_2128,1823240,8.058457578529493
Album_2129,17032635,8.061822870849522
Album_2130,903828,7.726170886571673
Album_2131,563919,7.223539989232788
Album_2132,3946642,8.007433483160185
Album_2133,1402428,7.910176960489654
Album_2134,298569,6.775151146870772
Album_2135,1604185,6.511677872523719
Album_2136,232363,7.322227554314384
Album_2137,601425,9.058824181794225
Album_2138,133325,5.713071509215319
Album_2139,5003374,5.438969681097072
Album_2140,1417,7.39771300948382
Album_2141,1833487,7.261065242227222
Album_2142,957947,7.40800999724449
Album_2143,32358,7.492743837490201
Album_2144,1309992,6.932157294438234
Album_2145,5103422,8.987836126322499
Album_2146,1003230,5.2789152258281815
Album_2147,2438,6.205803570263705
Album_2148,11650107,7.076094287821143
Album_2149,68776,5.228173426614999
Album_2150,2863693,6.988974714681515
Album_2151,9616872,9.193764198873621
Album_2152,141370,7.225063785955155
Album_2153,3468873,7.476841086862421
Album_2154,175065,5.687802281792904
Album_2155,8843,6.460366310352628
Album_2156,6651586,6.749764343611276
Album_2157,141390,6.818741883892519
Album_2158,314896,8.737972554004523
Album_2159,503069,7.869229272870149
Album_2160,713258,5.866250451675562
Album_2161,833477,7.495805734118406
Album_2162,3252930,7.797866098196142
Album_2163,109656,8.56817884622552
Album_2164,471442,9.096648823882049
Album_2165,347649,5.981886969806558
Album_2166,22059636,6.226970986547594
Album_2167,301893,5.690906569302461
Album_2168,6138141,6.919176169071623
Album_2169,1151902,7.759630049335602
Album_2170,554090,8.384801419906923
Album_2171,470231,7.108858771628973
Album_2172,475086,6.816182972094188
Album_2173,2953041,7.382109590698489
Album_2174,7634109,6.1978285180439725
Album_2175,5798355,9.707446466033728
Album_2176,3300414,5.27080676745833
Album_2177,130779,7.421688694674869
Album_2178,1184584,9.628327463075568
Album_2179,190132,7.2081598134719975
Album_2180,1348988,6.971953157998207
Album_2181,317304,6.771065492627487
Album_2182,3113664,6.983529981885111
Album_2183,285416,8.847418169611837
Album_2184,233035,4.545765706404592
Album_2185,7990597,9.04012044155559
Album_2186,5513,5.491251417059826
Album_2187,47835146,6.880017204918702
Album_2188,353680,6.684906695641606
Album_2189,19991,7.906263923724864
Album_2190,423925,5.282250777739503
Album_2191,1137326,7.754607199298332
Album_2192,2305474,9.629171547944223
Album_2193,2583040,5.564191194488628
Album_2194,4027730,7.427647401132475
Album_2195,983195,6.40562138664407
Album_2196,2560834,7.711064647431643
Album_2197,661835,7.222977332898902
Album_2198,19117019,6.430215709146829
Album_2199,56068,7.785446741845289
Album_2200,3146849,9.365217731744092
Album_2201,818727,6.970915449927242
Album_2202,6314856,8.06370953057782
Album_2203,68619,5.648072450554604
Album_2204,13888,6.05227634781839
Album_2205,1464595,7.766887533456453
Album_2206,3446709,8.980939234243158
Album_2207,19629946,7.626736018542792
Album_2208,52651,6.824330363372215
Album_2209,8112871,7.199149686508025
Album_2210,43339893,5.699510719236339
Album_2211,544258,7.92541839162644
Album_2212,103519,8.258799674788092
Album_2213,272337,6.657491600600304
Album_2214,625298,6.635949422688599
Album_2215,2920024,7.5190538755824585
Album_2216,190075,6.675936316751286
Album_2217,17378033,7.120640862449013
Album_2218,305825,9.719666146999819
Album_2219,21447,6.903569159104804
Album_2220,5947114,6.7699918175745335
Album_2221,5780,6.422949833237809
Album_2222,837566,8.093030365799924
Album_2223,100000000,6.982530992138277
Album_2224,533006,6.420752354014289
Album_2225,189330,8.785564838727614
Album_2226,1684478,8.903523605416364
Album_2227,507953,6.479491721113554
Album_2228,362716,4.96015205836726
Album_2229,5548477,8.409016427804307
Album_2230,66903,6.378444209087996
Album_2231,37862489,8.148750718995323
Album_2232,403594,4.835875418745798
Album_2233,5892238,8.27111680595917
Album_2234,110968,5.746593684863063
Album_2235,16374286,8.07691694287983
Album_2236,486240,7.2171276814037215
Album_2237,792336,6.0552726967240265
Album_2238,97691,6.711556424487863
Album_2239,165698,8.02358214834804
Album_2240,3402249,7.327073343738281
Album_2241,471386,7.901295576566981
Album_2242,478407,9.571728701418582
Album_2243,87124,5.322910065946738
Album_2244,8608267,9.14065508996235
Album_2245,243905,7.325227125027856
Album_2246,371542,6.121459142012246
Album_2247,373946,5.603623649113213
Album_2248,15550,6.97305553106756
Album_2249,73919,8.305980134309351
Album_2250,1463038,7.046941055546959
Album_2251,457089,9.013385916296818
Album_2252,2793328,5.458589171938129
Album_2253,5533664,7.1854932625847345
Album_2254,1602220,5.697127866704257
Album_2255,38176194,7.6363582591499615
Album_2256,1162349,8.264264868116761
Album_2257,2292851,6.695085847582736
Album_2258,52505,4.074943372047439
Album_2259,100000000,7.438737776155794
Album_2260,55356820,7.7240862620802115
Album_2261,1052141,7.685153705954037
Album_2262,3666110,8.682938630186586
Album_2263,6426643,5.914735584421141
Album_2264,903336,8.01625932654054
Album_2265,443412,8.63100901497357
Album_2266,1592517,5.06569489919218
Album_2267,1142431,7.5835821911027725
Album_2268,858962,6.594984202790794
Album_2269,144718,7.102172792278025
Album_2270,31992,7.617211780246004
Album_2271,965062,6.615325723063737
Album_2272,3283758,6.389150305006066
Album_2273,523806,7.24098290098563
Album_2274,7426100,5.895304873364637
Album_2275,102813,5.897009845337777
Album_2276,147003,8.015247939547804
Album_2277,353720,5.821447157809613
Album_2278,1019275,7.9995750010910545
Album_2279,4962857,7.7551095514247415
Album_2280,60754,5.129031925451285
Album_2281,8282452,6.386922417197214
Album_2282,84334329,8.632931283656847
Album_2283,413748,6.022601362632383
Album_2284,7428082,6.6427148852287345
Album_2285,128571,7.754473071902276
Album_2286,11078062,8.140068611139114
Album_2287,5630053,6.8981533367466055
Album_2288,3167231,6.48298776637003
Album_2289,1834524,8.90684383403821
Album_2290,6215,9.286679596557095
Album_2291,401860,8.374629660938155
Album_2292,242645,7.302381771078029
Album_2293,70159,6.230081134030889
Album_2294,625445,6.203466712132122
Album_2295,477147,7.827016926318909
Album_2296,199150,7.70207786506642
Album_2297,224888,8.881918311535715
Album_2298,284715,7.980540111043367
Album_2299,3082187,5.396303637888218
Album_2300,403979,8.462337141267502
Album_2301,158147,6.002327247222705
Album_2302,256843,6.739234473657178
Album_2303,1845216,7.500240247502034
Album_2304,6648484,9.594800987740758
Album_2305,7410,10.0
Album_2306,8951254,7.9280676709634195
Album_2307,12772667,6.980164057535535
Album_2308,135989,7.84140677817666
Album_2309,196417,8.265186511048604
Album_2310,270247,6.81519884933137
Album_2311,521841,9.354253627094787
Album_2312,1448293,7.476084911029683
Album_2313,22150,7.797291706909673
Album_2314,128501,7.999109102465354
Album_2315,22552271,7.705903932737347
Album_2316,208339,8.206728600563535
Album_2317,6692544,6.459296176143693
Album_2318,1173727,6.530037895264764
Album_2319,11174,5.879814920433966
Album_2320,3739113,7.727401476744272
Album_2321,1016653,8.134723804214538
Album_2322,426654,7.749327439382263
Album_2323,3593400,9.209390920017045
Album_2324,2075908,7.193284777405144
Album_2325,4957581,8.002489986711016
Album_2326,4419270,5.889958948632823
Album_2327,1445566,6.735480357030719
Album_2328,78124,8.034645309078932
Album_2329,520304,8.218922532891773
Album_2330,100000000,6.8472396628029815
Album_2331,3288764,7.11408089777032
Album_2332,37052647,5.378551503983029
Album_2333,10603032,6.771564959032069
Album_2334,2230717,8.268459796223743
Album_2335,2080122,7.89024601932788
Album_2336,1011797,7.800798865657452
Album_2337,25700,7.259728424617152
Album_2338,839307,7.208475790353812
Album_2339,6108283,6.407614632631864
Album_2340,369541,8.038594104243042
Album_2341,2365475,7.705167533267268
Album_2342,5946975,7.790422617591359
Album_2343,95322,6.5687581887989035
Album_2344,89804,4.6159884961545075
Album_2345,203306,8.516583254104434
Album_2346,116817,6.625395052789916
Album_2347,36575,6.164669083148255
Album_2348,201831,8.032174694296792
Album_2349,10893793,6.729584832097045
Album_2350,244020,8.471923660855946
Album_2351,1503222,7.940407139492037
Album_2352,444366,8.020283187840572
Album_2353,3753346,5.560853146559359
Album_2354,22965209,8.65433278246368
Album_2355,5308873,7.513500637480627
Album_2356,1191475,6.756867432904556
Album_2357,553442,7.372066160810702
Album_2358,25604,5.068517720522016
Album_2359,50236351,7.690383373776805
Album_2360,95132,5.964754190181514
Album_2361,1350101,5.576795656987759
Album_2362,2691786,5.373168976538531
Album_2363,517648,8.53522604998791
Album_2364,4405952,6.444883927568654
Album_2365,9329229,9.0404732518998
Album_2366,18521574,6.557038244337242
Album_2367,113197,5.151170450888465
Album_2368,31519,5.860170672061609
Album_2369,615695,8.682973944008326
Album_2370,1114780,7.012922186475999
Album_2371,651773,6.542055244211279
Album_2372,403985,7.392021871023346
Album_2373,23924,7.802139283401054
Album_2374,4038586,8.540878579082953
Album_2375,99313144,8.93819907587151
Album_2376,1643997,6.768277625053098
Album_2377,1230144,5.608742776701554
Album_2378,1976447,6.703841806652069
Album_2379,2084962,7.512336607899464
Album_2380,2914114,6.043489288547267
Album_2381,1000946,6.051418902125949
Album_2382,530151,7.612545457859863
Album_2383,159345,7.1416171781154585
Album_2384,499683,7.239356394493904
Album_2385,958535,6.289805598359917
Album_2386,373096,6.923519142953079
Album_2387,868165,6.090920226878035
Album_2388,3309869,8.268238093349744
Album_2389,7940671,8.442299201668503
Album_2390,3463801,4.984574565314288
Album_2391,539451,6.084586967769108
Album_2392,24017,5.404164893891905
Album_2393,273697,6.4199712787117225
Album_2394,837404,7.099874436251567
Album_2395,8592,5.460425736361764
Album_2396,7453640,6.093768224249624
Album_2397,586766,5.995251153502202
Album_2398,1957279,7.448720795278733
Album_2399,12898989,7.2832132044435
Album_2400,148252,6.333914935995296
Album_2401,2825444,7.412185046567278
Album_2402,466150,6.543983898495282
Album_2403,473938,6.874013867608737
Album_2404,469623,9.208142508358245
Album_2405,50399058,8.808553262148418
Album_2406,174425,5.640502515686883
Album_2407,5372306,8.19567890145501
Album_2408,30847,8.17367586538991
Album_2409,4286662,5.822084053496859
Album_2410,10806829,8.182533172505833
Album_2411,2464815,9.045518302095063
Album_2412,261081,5.852946232506704
Album_2413,1034571,6.098996614782884
Album_2414,100000000,8.421193760212203
Album_2415,27901,7.525794372990778
Album_2416,5362498,7.861771530287428
Album_2417,159710,7.608707059680596
Album_2418,979287,7.668835105113773
Album_2419,221539,5.6082334460267
Album_2420,641621,8.456781247945738
Album_2421,1592512,8.603507990913329
Album_2422,72694,6.924731107118367
Album_2423,6151919,7.147827660223365
Album_2424,8893,5.362670996933134
Album_2425,3230288,7.817105707221402
Album_2426,591349,7.886468930056973
Album_2427,74670,7.125370779600827
Album_2428,2372319,8.549224031844604
Album_2429,29309,6.799107322824072
Album_2430,1224681,7.877527111072321
Album_2431,25398,5.976402793569461
Album_2432,1999510,7.171737418950914
Album_2433,114310,6.990774890516597
Album_2434,374443,7.4703695064491304
Album_2435,1162615,6.75656768539997
Album_2436,158900,7.042232885193998
Album_2437,1178437,8.191256605729809
Album_2438,30039,6.675882915314139
Album_2439,1085775,5.272107479113585
Album_2440,78576085,9.299500685046505
Album_2441,100000000,8.857744894428585
Album_2442,445511,5.649284765873258
Album_2443,5898643,8.027649366294234
Album_2444,16932,6.596430275338388
Album_2445,19068741,7.516184658397272
Album_2446,4542515,7.553068954816193
Album_2447,266063,6.918710639620413
Album_2448,5981023,6.259481201296325
Album_2449,320207,6.371350737220489
Album_2450,186136,6.1005697014225095
Album_2451,1266257,6.201813350123467
Album_2452,92317,7.119386051940774
Album_2453,4048243,6.341088013067098
Album_2454,146862,8.018462478855144
Album_2455,240924,8.984695386403112
Album_2456,92280,6.503936110355949
Album_2457,4250906,7.4872854006424525
Album_2458,316874,7.79962213236352
Album_2459,72201,7.76640272510313
Album_2460,251252,7.291146321499305
Album_2461,1180589,8.091218902031667
Album_2462,101458,7.778698743216789
Album_2463,38331,5.714805093207243
Album_2464,92626543,8.242987277267128
Album_2465,245547,8.264749004720091
Album_2466,267251,6.2840566749857025
Album_2467,395651,7.2455254025371225
Album_2468,522972,8.019994791373284
Album_2469,2463528,6.948823416504767
Album_2470,10222203,8.487573657319214
Album_2471,1772836,10.0
Album_2472,42423,6.256816760838022
Album_2473,4502996,5.54274647621547
Album_2474,799393,7.564582314725851
Album_2475,39569973,8.065875006151373
Album_2476,7866,6.922960351386277
Album_2477,2849809,8.943912795985241
Album_2478,16752351,5.593673040332102
Album_2479,602728,8.031502347637934
Album_2480,357001,6.472967015089328
Album_2481,4084255,9.263253487448756
Album_2482,871453,9.591018423801742
Album_2483,272627,6.280012094659983
Album_2484,294971,6.5405314369097045
Album_2485,384966,8.231505464375763
Album_2486,7462751,6.7354432202525825
Album_2487,1972691,7.145506538481314
Album_2488,1351180,7.230466104650892
Album_2489,1283804,4.896392212562812
Album_2490,471175,7.183394704686916
Album_2491,113295,6.372326671122991
Album_2492,179670,6.608252613120274
Album_2493,1923669,8.932358404162578
Album_2494,45600,5.692191726864893
Album_2495,482820,8.175846224097572
Album_2496,242896,6.86524448360183
Album_2497,47738862,6.864287797804999
Album_2498,5047,8.148446275262053
Album_2499,690237,7.608061553482669
Album_2500,35810631,7.884735596663437
Album_2501,1838755,8.361821592639433
Album_2502,2981836,6.802429940180013
Album_2503,681676,6.4653159185907
Album_2504,110662,5.897819368130643
Album_2505,5546,6.209507364025254
Album_2506,4930304,10.0
Album_2507,360625,8.693615496884144
Album_2508,72307,5.578710760550375
Album_2509,134396,5.613050451907716
Album_2510,35280552,7.77823927406219
Album_2511,100000000,7.856717756853561
Album_2512,1730197,7.858660602380837
Album_2513,273072,6.894053047735563
Album_2514,70988,7.04945488799652
Album_2515,2505021,7.593455428991229
Album_2516,30019178,7.303071607551996
Album_2517,129798,4.536839552702958
Album_2518,6027,6.924240443309768
Album_2519,1847336,6.178312278887624
Album_2520,6426407,7.410253702690214
Album_2521,137078,10.0
Album_2522,1430389,7.6409779985691655
Album_2523,1646782,6.823764376593123
Album_2524,1210890,8.306161802372703
Album_2525,221476,7.779225464651056
Album_2526,7912316,7.7041133885422095
Album_2527,517803,7.928220711858805
Album_2528,141995,9.66785227779545
Album_2529,6785,5.8429338776089015
Album_2530,13334674,7.768358492173745
Album_2531,1587227,6.088342644022154
Album_2532,1341440,7.866615175610698
Album_2533,192574,6.097576186216687
Album_2534,217854,6.699159823673899
Album_2535,78548,6.8458921029145126
Album_2536,610832,8.37098006321365
Album_2537,20148,8.302145332730896
Album_2538,87591,5.7051391482643385
Album_2539,447345,7.265920933199818
Album_2540,1783364,6.348504174300993
Album_2541,349774,5.6897941071895985
Album_2542,3469898,6.939579539490755
Album_2543,9950969,6.829820653853017
Album_2544,27135141,10.0
Album_2545,2678575,7.719551790432836
Album_2546,361188,5.5468589990949155
Album_2547,80786,6.52227119499487
Album_2548,6535229,8.425659954515279
Album_2549,81210932,9.70613132744391
Album_2550,616998,5.29682002531445
Album_2551,12073984,4.944090737833147
Album_2552,117176,9.445158210446138
Album_2553,101259,7.667537012845084
Album_2554,2648297,6.158048721748361
Album_2555,1884848,7.841554903346923
Album_2556,2294706,4.037102713179747
Album_2557,783151,7.204050607916593
Album_2558,172947,7.593385407411702
Album_2559,915637,8.309124167445397
Album_2560,20461,5.983324857248955
Album_2561,88807,7.302824593684031
Album_2562,3235303,6.089490448728496
Album_2563,5383262,7.506460506809181
Album_2564,973643,6.125584413164371
Album_2565,20190,6.710278993007735
Album_2566,216577,6.005021526251725
Album_2567,102814,7.9813634901883885
Album_2568,14191264,8.230141339987998
Album_2569,217898,6.918455316051103
Album_2570,94037,7.245885593952035
Album_2571,358770,5.461690302439747
Album_2572,187191,6.840388022391855
Album_2573,15208500,7.1397544595499065
Album_2574,751914,10.0
Album_2575,25194,5.8656395690710035
Album_2576,26178,8.957012686502924
Album_2577,1378549,8.39623052815897
Album_2578,310060,7.536763685388164
Album_2579,132901,9.31034458103416
Album_2580,10872162,7.646526567128236
Album_2581,3866985,7.666991034801515
Album_2582,737994,7.136255216378946
Album_2583,25720369,8.668282658902353
Album_2584,5855861,8.51576308057306
Album_2585,106818,6.449187255004546
Album_2586,45707,5.61690336648148
Album_2587,3664398,6.956423235125212
Album_2588,1102081,6.239953722722825
Album_2589,1089664,7.123770510461574
Album_2590,311597,8.684925761620967
Album_2591,2066804,6.651238013895853
Album_2592,173391,7.14861194242611
Album_2593,680675,7.269627281770075
Album_2594,24226238,8.218117058646342
Album_2595,55837,4.503732799218474
Album_2596,24100,6.471959646281644
Album_2597,111488,7.453540430735368
Album_2598,12099141,8.640094747712233
Album_2599,998810,6.609717062992554
Album_2600,202058,4.948136752749751
Album_2601,422370,7.943653735159364
Album_2602,1453525,6.437565133409245
Album_2603,72257,5.772400009091567
Album_2604,1021439,6.450785532344131
Album_2605,167171,6.978569570812981
Album_2606,93137,6.474306402554145
Album_2607,59975,4.553320731481117
Album_2608,651755,8.276479436264559
Album_2609,1571066,8.729850049534466
Album_2610,1908493,7.981826389607407
Album_2611,1000,5.83477719549022
Album_2612,142031,6.958210159262979
Album_2613,366937,7.19217442172465
Album_2614,23427022,7.918553267474293
Album_2615,138829,8.002008586461697
Album_2616,718620,6.318991441465805
Album_2617,16839838,7.2983946676962725
Album_2618,76759,7.74873648553829
Album_2619,4245812,8.94698678657612
Album_2620,247251,8.045407847789669
Album_2621,471732,8.146868024850622
Album_2622,170088,7.300591953515234
Album_2623,434764,8.892550974244205
Album_2624,100000000,7.691715355151397
Album_2625,2603218,6.166694507791716
Album_2626,16945243,8.884043964150228
Album_2627,3277950,8.037483927046834
Album_2628,24876,6.668347174645821
Album_2629,1332037,6.624608439120908
Album_2630,8234181,7.555890654168914
Album_2631,193128,7.755821754321102
Album_2632,6255856,7.436750718757448
Album_2633,3974691,7.573570408131462
Album_2634,90789528,9.239948849491658
Album_2635,664878,8.485851782681863
Album_2636,100625,7.428762709518029
Album_2637,687990,8.32957269692098
Album_2638,7660805,5.960971315766953
Album_2639,26421,7.677512459936171
Album_2640,38132,9.371167619679731
Album_2641,845736,6.938344925529152
Album_2642,200033,6.182839285657098
Album_2643,553602,6.417493333688327
Album_2644,2776894,5.892440355189134
Album_2645,166708,6.258285710246756
Album_2646,15240,6.755390281691965
Album_2647,20699557,5.51331957698563
Album_2648,110737,7.218742000739524
Album_2649,166590,8.282732608543977
Album_2650,4251516,6.110692583823695
Album_2651,929676,9.023140708370123
Album_2652,964818,7.812950506233114
Album_2653,3929130,8.436696702748868
Album_2654,4744352,6.410598535377436
Album_2655,690929,8.225430272479938
Album_2656,8751570,5.889679319525625
Album_2657,19197,8.26829700100381
Album_2658,4084370,7.406207207752238
Album_2659,209587,7.86390146398174
Album_2660,6194583,5.789286473250178
Album_2661,625963,6.125916189268075
Album_2662,300296,7.916673861904062
Album_2663,1718003,6.0619823949309595
Album_2664,6352128,7.755847550518948
Album_2665,1281453,5.559434632247705
Album_2666,171015,8.217809055200002
Album_2667,146159,5.720972022277789
Album_2668,1113740,7.862759925215428
Album_2669,1080418,7.950757120375201
Album_2670,2377185,6.36387381788451
Album_2671,20321,7.898431880501672
Album_2672,1839343,7.512530716000267
Album_2673,326678,6.553389772568714
Album_2674,82278,5.98973437910855
Album_2675,56243,4.844849169992905
Album_2676,647396,7.619580056759633
Album_2677,1000,5.322236674365534
Album_2678,209950,7.31441303932957
Album_2679,119407,6.883862140701301
Album_2680,3516764,8.014971330525835
Album_2681,134284,6.837545400612163
Album_2682,430242,6.80466265638349
Album_2683,27334923,8.078244845145955
Album_2684,7201053,7.602069634900941
Album_2685,5922305,7.579387148619334
Album_2686,393098,7.763121107770232
Album_2687,950478,5.357313452151473
Album_2688,795143,8.108146415984379
Album_2689,786458,7.934962552816323
Album_2690,993869,5.979980245708203
Album_2691,210989,6.907103431590959
Album_2692,15594390,7.152831254846843
Album_2693,539847,7.038603858717921
Album_2694,3392362,7.600631959882242
Album_2695,34970696,8.91764013819742
Album_2696,12144264,8.498120073207394
Album_2697,21912,5.625336967882313
Album_2698,2850582,7.946483988367259
Album_2699,9808881,8.79471998344249
Album_2700,6051466,7.664170224827044
Album_2701,167376,8.50917651022316
Album_2702,724539,9.614724534840919
Album_2703,10889855,8.428451455328378
Album_2704,204038,7.499170314770074
Album_2705,828739,8.454106168901705
Album_2706,20556429,7.373865399716269
Album_2707,743216,7.228683651941947
Album_2708,152604,6.778302917143521
Album_2709,356045,9.07609603059853
Album_2710,959705,6.217885600869598
Album_2711,140522,9.038841269613739
Album_2712,663475,7.799836948488446
Album_2713,677982,5.520832590237671
Album_2714,13509304,7.641179151589706
Album_2715,868984,4.679968190818052
Album_2716,281299,7.950609620197243
Album_2717,14475636,8.262277779586789
Album_2718,310381,6.489172853217536
Album_2719,73329,7.348257235146699
Album_2720,1845778,9.544988920500344
Album_2721,10563237,6.5931039548856765
Album_2722,594297,5.92931089553208
Album_2723,2010797,8.97799608295512
Album_2724,69162931,9.555104628636954
Album_2725,46143,7.204434806217417
Album_2726,113060,8.413755642490027
Album_2727,71196,8.809771098637057
Album_2728,1087950,6.309018920953939
Album_2729,840542,6.617632997558558
Album_2730,36910161,8.677049415785682
Album_2731,3605455,9.222017134450212
Album_2732,503537,7.875457032209226
Album_2733,477204,6.144222775797536
Album_2734,3360671,9.58447333403933
Album_2735,20700,6.562834922625643
Album_2736,100000000,6.7978346625942585
Album_2737,2800041,7.610805401387546
Album_2738,3117409,9.06499250485773
Album_2739,4605277,8.224771171862669
Album_2740,4272634,7.6978386004342925
Album_2741,803607,7.755946236141727
Album_2742,234128,7.252217602372159
Album_2743,3736967,7.869767417422207
Album_2744,382194,4.164527906766837
Album_2745,133553,6.844071049116242
Album_2746,15916460,7.489586321900138
Album_2747,726574,5.818783099656592
Album_2748,4375068,7.6635879813738725
Album_2749,11538029,6.9546345348166545
Album_2750,2414645,9.306570837978589
Album_2751,3904795,9.087623670257827
Album_2752,3080403,6.641033317058205
Album_2753,172780,7.018994746119966
Album_2754,859180,7.111262921269929
Album_2755,790247,6.658008628608453
Album_2756,133906,7.434029980833753
Album_2757,52709398,6.290061517334892
Album_2758,24515,5.843261598074969
Album_2759,87327,7.947253468680323
Album_2760,16291774,7.955435501066173
Album_2761,2071830,6.234821088408009
Album_2762,177244,8.27442651691512
Album_2763,1859152,6.442106725001603
Album_2764,17673908,7.503798285645578
Album_2765,1241313,8.184412815134948
Album_2766,100000000,7.159664922355544
Album_2767,33682,7.745689094569362
Album_2768,2368551,6.580284427334914
Album_2769,7386589,6.9642400998862835
Album_2770,4236178,6.952968682943592
Album_2771,342265,6.304105984151714
Album_2772,405571,6.987871004261062
Album_2773,773839,5.341658041363504
Album_2774,3068860,6.610615503429474
Album_2775,2267121,6.858149407956395
Album_2776,5533925,6.892584297005544
Album_2777,90886,6.910203064955065
Album_2778,492573,7.1258829601678455
Album_2779,164001,7.775329821703277
Album_2780,629376,8.249420488959027
Album_2781,4158157,6.42028172778208
Album_2782,486040,5.756158973533027
Album_2783,79279621,5.9495467053082765
Album_2784,886016,6.615356494566088
Album_2785,735444,6.7776944186201895
Album_2786,628045,6.276004720563051
Album_2787,103436,5.644660002900126
Album_2788,546152,6.652655007030974
Album_2789,8575604,7.417711944136766
Album_2790,1446936,7.9140353590026775
Album_2791,118022,6.531092336270015
Album_2792,98916,6.704402613427879
Album_2793,187883,6.0879620293832275
Album_2794,917000,7.162272995550269
Album_2795,5273030,6.181885638971023
Album_2796,77878,7.8877533758894405
Album_2797,145630,5.056960209679067
Album_2798,867041,6.768444393057045
Album_2799,24667,7.56132880703009
Album_2800,169923,7.420601419587006
Album_2801,839215,10.0
Album_2802,202387,7.61976002948149
Album_2803,647805,5.995134483789588
Album_2804,552165,7.085442903493113
Album_2805,91462,5.068504399840258
Album_2806,1807699,7.103280300843887
Album_2807,15345238,6.20033273159909
Album_2808,37048825,8.298468330672193
Album_2809,12391,6.540551670485359
Album_2810,2383510,7.059880901045704
Album_2811,385624,6.437330590314716
Album_2812,3120867,9.286621622223997
Album_2813,299745,6.8145086806585065
Album_2814,3062406,9.399068452175042
Album_2815,1778544,8.17698211454192
Album_2816,338180,7.778480072802464
Album_2817,167460,7.642479776781024
Album_2818,416185,7.6725567578595015
Album_2819,405110,4.886792904785269
Album_2820,2259519,6.865339927019092
Album_2821,7376373,8.214189565421187
Album_2822,291350,7.141323379831073
Album_2823,612053,5.5137721838357105
Album_2824,5355113,7.137114659307037
Album_2825,23060992,9.24492661950659
Album_2826,1514308,8.696270058641664
Album_2827,499285,7.125595188760762
Album_2828,2090926,8.341739132469705
Album_2829,64905,6.760191575558338
Album_2830,196901,5.155354095807938
Album_2831,2052344,6.090640814244535
Album_2832,7434393,9.075466522209837
Album_2833,398343,6.8712083018048355
Album_2834,1076694,6.9079392247499785
Album_2835,129417,6.840194164470144
Album_2836,10318678,9.484963907487607
Album_2837,1830193,9.151150698434476
Album_2838,1757433,9.86253628013776
Album_2839,355444,7.009145747519939
Album_2840,848806,7.554749386496514
Album_2841,132489,5.380028940695051
Album_2842,7293154,8.97232131134193
Album_2843,181455,5.798664538478478
Album_2844,22208674,7.460130676515155
Album_2845,7818783,5.883236966840587
Album_2846,95186,6.493359807913565
Album_2847,560761,6.19528508274036
Album_2848,152353,6.470549687189019
Album_2849,303528,6.553052756221226
Album_2850,31829167,6.542077446089908
Album_2851,718454,8.200000694136369
Album_2852,853870,5.874164648324976
Album_2853,2716805,7.46464971241664
Album_2854,226277,8.66155098276667
Album_2855,107139,6.584164362583925
Album_2856,46967,6.338497331102878
Album_2857,119341,6.923370449783699
Album_2858,5474,8.615670250032853
Album_2859,2691554,7.432929157144029
Album_2860,35664241,6.562542846470882
Album_2861,1448396,7.780651981425648
Album_2862,24491,5.877249420196292
Album_2863,335461,8.017631412531538
Album_2864,411436,7.690328769242122
Album_2865,87565,6.830629834633339
Album_2866,2722915,6.193697041863323
Album_2867,2394084,6.135982893259851
Album_2868,110192,7.841780803615093
Album_2869,7185318,8.674776602986874
Album_2870,11654939,6.435230703565447
Album_2871,47686000,7.750064044261781
Album_2872,71001235,4.695567577677518
Album_2873,93455,6.49845872321136
Album_2874,100000000,7.162729280554918
Album_2875,229986,6.1083798996218
Album_2876,140528,6.0761923502524855
Album_2877,1038696,6.398664532237337
Album_2878,299896,7.550631273991648
Album_2879,1600282,6.9752051779123505
Album_2880,15016,4.514122520010034
Album_2881,140094,4.655159816837921
Album_2882,7326770,6.47176178657139
Album_2883,946465,7.749223903264262
Album_2884,205805,3.9029941887297186
Album_2885,1545223,6.600323788618043
Album_2886,6110838,6.568502572179095
Album_2887,67680,8.866005333850138
Album_2888,2059626,6.737973825944564
Album_2889,593335,7.659586781689114
Album_2890,1224483,7.369508568104956
Album_2891,1870208,4.64332022423136
Album_2892,117307,8.121848659958085
Album_2893,121048,7.458475806547546
Album_2894,22790,7.8099223676095075
Album_2895,1089993,10.0
Album_2896,3303182,4.699064472601695
Album_2897,1782707,9.26963597971333
Album_2898,46503,6.855062976719574
Album_2899,362594,7.544794685283612
Album_2900,40013,7.145385305638509
Album_2901,65846,6.690916399922348
Album_2902,1246360,6.5162004861134895
Album_2903,93897,7.595410482687611
Album_2904,3002525,5.379391563993986
Album_2905,1097018,8.10069500102612
Album_2906,745248,6.700566714137695
Album_2907,234500,5.843916793151571
Album_2908,2886883,6.659984570405024
Album_2909,8207913,8.708579060235088
Album_2910,1142703,6.557597895580533
Album_2911,3092994,7.630144341851544
Album_2912,340185,6.3228524691414325
Album_2913,3757104,8.109506219908344
Album_2914,618807,8.022609286548246
Album_2915,2454978,9.418330599955693
Album_2916,418894,6.989323265400942
Album_2917,482509,8.002385765709487
Album_2918,215478,7.317681047446734
Album_2919,4470019,8.755046138235617
Album_2920,7202310,6.337401134869523
Album_2921,13114212,8.094006375452738
Album_2922,58107,6.966363244659982
Album_2923,10220368,7.1229741874698025
Album_2924,450779,7.310102981338048
Album_2925,3118336,7.502688475712013
Album_2926,122741,7.06052514825365
Album_2927,1218081,7.457655819804632
Album_2928,3891546,9.093741669074621
Album_2929,74761,8.382539622738262
Album_2930,4583745,8.242985510996276
Album_2931,9052452,6.653352568771355
Album_2932,333420,6.132911006126011
Album_2933,21715060,8.346360669885303
Album_2934,933075,8.251256151035752
Album_2935,10668131,8.967204810901178
Album_2936,6637,6.475223248836925
Album_2937,88616299,6.924541613567584
Album_2938,5999735,5.232619004969479
Album_2939,360506,6.729034672726953
Album_2940,28389,8.395884612695337
Album_2941,1083990,6.640205544926163
Album_2942,65935,7.968575754240988
Album_2943,1750488,6.971396272802626
Album_2944,2230119,7.588868433865873
Album_2945,61609,5.822770332221199
Album_2946,7984875,7.302251339560682
Album_2947,670962,3.6106368349191325
Album_2948,5073335,6.975724610205618
Album_2949,308485,5.243432107541832
Album_2950,97982,8.64719341985618
Album_2951,9085487,8.132888823317414
Album_2952,621107,7.760005178359298
Album_2953,124622,9.025207472591257
Album_2954,6815628,6.061300175010196
Album_2955,100000000,9.29683583749867
Album_2956,1298627,8.318629877112462
Album_2957,52499233,6.916133655337265
Album_2958,1912652,8.562744176619534
Album_2959,193941,5.872447785106039
Album_2960,139298,6.210583006166792
Album_2961,14783333,6.46969233211236
Album_2962,123293,6.565226750323182
Album_2963,1860961,5.932130828687697
Album_2964,548818,8.66769968051439
Album_2965,274875,6.889374719556202
Album_2966,7818492,7.623005962028255
Album_2967,267724,6.515578360303584
Album_2968,120336,5.01527603934178
Album_2969,9135183,7.524068830069707
Album_2970,6245936,4.905294029496268
Album_2971,2808606,7.117639144697438
Album_2972,95747,5.558021953400628
Album_2973,956607,9.58473119907697
Album_2974,1634174,8.293635266609666
Album_2975,1631992,7.326904549525777
Album_2976,238587,8.716448013185602
Album_2977,2060143,6.184420827041118
Album_2978,1325253,7.852175254404112
Album_2979,29391,7.439772520462457
Album_2980,147348,7.516824097600404
Album_2981,631059,8.72682420012812
Album_2982,1081413,8.078990523335763
Album_2983,41941728,7.546468395390028
Album_2984,480897,5.214135076526045
Album_2985,84324,6.047944445664644
Album_2986,1164306,7.052749279685131
Album_2987,421615,7.312046849131981
Album_2988,783396,5.843755530391292
Album_2989,10439793,10.0
Album_2990,22483622,9.019672866304287
Album_2991,1102066,7.92254198447098
Album_2992,22323336,7.286444233540494
Album_2993,4363215,6.945349236118618
Album_2994,110632,6.0576978479733175
Album_2995,70153737,7.2929766222226355
Album_2996,1809643,7.509303048171301
Album_2997,72019,5.709887309422051
Album_2998,26864921,7.601011700693877
Album_2999,46847103,7.0136891414103015
Album_3000,240209,4.910630930547131
Album_3001,175688,6.167537987064598
Album_3002,445559,6.703673359894027
Album_3003,10449618,9.465225188808228
Album_3004,14499796,7.8678637494405095
Album_3005,1132214,5.59742211708013
Album_3006,1322544,7.783243547301165
Album_3007,6373384,5.343235213273962
Album_3008,825662,8.499229264664487
Album_3009,4776238,6.634650417818546
Album_3010,428348,7.087636573512995
Album_3011,4229202,8.79095597705063
Album_3012,296729,5.6554037176989
Album_3013,311771,5.523458177864411
Album_3014,267016,6.499680808384794
Album_3015,22136433,8.44605462122318
Album_3016,74797,5.376784709427789
Album_3017,33531,3.8014132822673177
Album_3018,42767619,6.658609369909202
Album_3019,7934569,7.8620889598931045
Album_3020,14043,8.640314099686595
Album_3021,197123,6.644206365497522
Album_3022,16800,6.706288071460797
Album_3023,240616,8.584680881106896
Album_3024,1000,4.956309960365496
Album_3025,485487,6.733775069780389
Album_3026,92076,7.428508667910069
Album_3027,1189854,7.739062465542041
Album_3028,23014,6.588231968170941
Album_3029,971394,7.24132921404701
Album_3030,78997,4.214007175904413
Album_3031,10951170,6.410101905199382
Album_3032,17801956,7.744210455065361
Album_3033,2150723,6.0212471588943846
Album_3034,434592,7.270781065907517
Album_3035,55889343,7.736247000963238
Album_3036,29389,6.788940958970683
Album_3037,53914,7.404556525195885
Album_3038,382618,6.044720921658465
Album_3039,64624842,6.952066464364744
Album_3040,775646,7.932259403507067
Album_3041,613965,7.388367553162121
Album_3042,31705,6.496162476523278
Album_3043,6115817,7.4690596851489515
Album_3044,8327870,8.057531748763942
Album_3045,1141878,4.740070465707026
Album_3046,459090,8.590888877947076
Album_3047,160305,6.796494313582714
Album_3048,78358,7.710587919888276
Album_3049,1955376,8.636696308374274
Album_3050,40789,5.553991563323441
Album_3051,49986,6.348670797086944
Album_3052,290537,6.853741564949154
Album_3053,189365,6.259495774650686
Album_3054,778407,9.28192389100417
Album_3055,1225458,6.171873487407849
Album_3056,676553,6.533343864615761
Album_3057,512123,7.4452668379235725
Album_3058,565087,5.757420568708694
Album_3059,87512,6.725183145892483
Album_3060,1203842,7.58094391350021
Album_3061,892238,6.800567514740987
Album_3062,37717,7.087935769320063
Album_3063,4298549,6.564801465061955
Album_3064,55739,5.3826356289830795
Album_3065,1171242,7.585911853607087
Album_3066,23718913,9.30591968597669
Album_3067,5190779,7.222081956940126
Album_3068,988382,7.470316940697059
Album_3069,591629,8.031267306140231
Album_3070,2504063,5.6768034041439615
Album_3071,8631240,9.243017589755526
Album_3072,264254,7.442794555707363
Album_3073,437716,9.15822827890693
Album_3074,8229,6.320360405371213
Album_3075,3265426,9.381674307069389
Album_3076,1087832,8.13018659284174
Album_3077,10899274,7.863648103022831
Album_3078,1902206,7.4808293452237775
Album_3079,10012463,6.901765658310661
Album_3080,410688,8.640637990168647
Album_3081,8542092,7.368431843817657
Album_3082,85984,4.839516355695418
Album_3083,1953005,5.859376245951597
Album_3084,38986,6.976985097368703
Album_3085,1553886,7.571998779798666
Album_3086,14715,7.132093813320125
Album_3087,981765,8.662764947752397
Album_3088,603225,4.858677763153651
Album_3089,309965,7.372305523806192
Album_3090,33134,5.018424929535414
Album_3091,6907126,8.111654754581002
Album_3092,619333,7.086649542669597
Album_3093,389502,7.703531966428942
Album_3094,522020,6.163340447292281
Album_3095,100000000,8.735357917989301
Album_3096,15127736,8.450069596870621
Album_3097,11702042,7.900253163614265
Album_3098,1782241,7.0445793037638715
Album_3099,1592610,7.895828742354158
Album_3100,4375,6.351728918415182
Album_3101,346408,8.226666790824854
Album_3102,829467,9.179377073188705
Album_3103,36047,8.484732671975024
Album_3104,51400,6.324477036231109
Album_3105,19056,7.6337007807277235
Album_3106,343680,5.648230147489623
Album_3107,5844234,7.886868373410811
Album_3108,9663931,7.740724095435047
Album_3109,601799,4.956220392561404
Album_3110,58462,5.805859387305164
Album_3111,14271,6.8602333239074795
Album_3112,20045,6.838968303431009
Album_3113,30833,5.748627677497434
Album_3114,172071,7.666774475222621
Album_3115,681047,7.5017683307286145
Album_3116,94382,6.966877041625777
Album_3117,1009006,6.293050199809965
Album_3118,950437,8.458448551699876
Album_3119,2222927,9.186488535705955
Album_3120,5899417,6.619726219384155
Album_3121,52692,6.465399699414215
Album_3122,2500831,7.789449198494395
Album_3123,632373,6.770364744303617
Album_3124,380556,7.03272335920412
Album_3125,7380150,8.087583782069606
Album_3126,1487213,4.908772694991249
Album_3127,267801,8.781962789823204
Album_3128,584953,7.28721662919521
Album_3129,1105189,6.7062082265253835
Album_3130,442610,7.092919014934261
Album_3131,2539557,7.154915226024623
Album_3132,500650,5.12255843586609
Album_3133,77213542,8.993925872943883
Album_3134,38724,7.249590758724742
Album_3135,823179,7.73160255653685
Album_3136,231868,8.341859724688852
Album_3137,1462294,5.97460505092764
Album_3138,42181,7.7681662788422745
Album_3139,1372357,6.878830690921448
Album_3140,380014,8.216124930259792
Album_3141,51810,4.647327095578206
Album_3142,42089,7.081086839710477
Album_3143,221495,6.4766152130592465
Album_3144,9141717,7.718715540760987
Album_3145,1016269,7.764053024841843
Album_3146,1850164,6.350848926213569
Album_3147,14679746,6.345391362988748
Album_3148,1278389,7.067201557731205
Album_3149,153954,6.12402932722175
Album_3150,3401389,8.210380434542552
Album_3151,217484,6.756951359463065
Album_3152,51377,3.7116141368140307
Album_3153,30801,6.750213532053833
Album_3154,2756269,5.953747414987234
Album_3155,139976,5.242469021446865
Album_3156,552241,5.715088034132913
Album_3157,108414,7.331290166199564
Album_3158,4278357,8.794368993897878
Album_3159,211933,7.5758213686379765
Album_3160,421966,6.472195934141112
Album_3161,6132999,7.747085034204844
Album_3162,2975921,6.64909162773721
Album_3163,508479,6.366479557004227
Album_3164,11744,5.814764798120419
Album_3165,100000000,5.097805431897937
Album_3166,20952399,6.732091552128666
Album_3167,3760948,7.389664187904159
Album_3168,168656,7.084051595982133
Album_3169,500436,6.70083968646317
Album_3170,154154,6.065104727163863
Album_3171,14543570,7.929895430021962
Album_3172,618298,5.619441696064098
Album_3173,267610,8.13123349661217
Album_3174,172328,5.9973395772879305
Album_3175,4832696,6.297077715176358
Album_3176,8203935,5.439857771261188
Album_3177,12683618,6.598317423737236
Album_3178,6578067,8.370374950173575
Album_3179,662732,7.818753706132748
Album_3180,2217,8.374106534433642
Album_3181,1997896,7.8265710551207235
Album_3182,414215,5.875596205763557
Album_3183,874572,6.803052930806931
Album_3184,562235,6.263761045059045
Album_3185,126224,8.796689884846849
Album_3186,1198694,5.763853624288426
Album_3187,4879977,8.272437227266932
Album_3188,5392123,8.271544644130524
Album_3189,16045293,9.395544242059305
Album_3190,2110195,6.708376088844603
Album_3191,544342,8.054786591496194
Album_3192,2750566,9.937982203846612
Album_3193,667747,6.4588299876795645
Album_3194,398066,5.357951702961168
Album_3195,1921139,4.943987959310684
Album_3196,4479243,8.055254434633598
Album_3197,16598066,4.9402197503297
Album_3198,53198806,6.753217136474492
Album_3199,1228970,7.724775824446753
Album_3200,1000,7.422210644195897
Album_3201,12347100,7.710533837021007
Album_3202,312581,7.466747826961025
Album_3203,349532,8.734638975976072
Album_3204,205195,6.057220343113444
Album_3205,219809,6.387605833849762
Album_3206,1725355,6.2728086656750115
Album_3207,58644,8.196230174235133
Album_3208,160299,8.280478306074077
Album_3209,2099169,7.74147038318221
Album_3210,5700042,8.620192400267914
Album_3211,1434402,5.7863509591483435
Album_3212,454185,9.200668933861365
Album_3213,284193,9.02788634605471
Album_3214,455023,8.082746396694896
Album_3215,3793595,9.338158690525272
Album_3216,5820989,5.212052150786672
Album_3217,9803,6.570662236484818
Album_3218,333487,6.317635847181657
Album_3219,86468,8.065775188508812
Album_3220,15763,5.9398311124774255
Album_3221,8783718,8.108994179204982
Album_3222,5452423,8.844643372796057
Album_3223,3005603,8.0342434801008
Album_3224,6030269,7.5405012283938015
Album_3225,170729,6.014551990919101
Album_3226,204150,6.183778840649563
Album_3227,100000000,8.699542686356
Album_3228,785807,8.1352188046864
Album_3229,3425823,7.153176576746947
Album_3230,635404,6.698508545080932
Album_3231,5931,4.769030552266348
Album_3232,7102,5.9149770975786735
Album_3233,797217,9.493702904567668
Album_3234,3090764,5.6634533147970405
Album_3235,4369989,7.427375785465297
Album_3236,9180761,8.408932767834239
Album_3237,52730,5.694092798397249
Album_3238,22806844,7.4216525697373
Album_3239,205450,8.325498645012786
Album_3240,1243136,7.214999186288701
Album_3241,3202029,10.0
Album_3242,209209,5.197680889346167
Album_3243,22129483,8.470474235860655
Album_3244,177388,6.992637915124243
Album_3245,86158,8.12630418580401
Album_3246,1093370,7.729568582039095
Album_3247,233386,6.320212563468004
Album_3248,100000000,7.474795670951209
Album_3249,1023024,4.9705182583220555
Album_3250,510561,7.923897000685673
Album_3251,116619,7.557790159188631
Album_3252,27518,7.966392202371723
Album_3253,195718,8.46974199010458
Album_3254,1264839,7.641143808251654
Album_3255,15302257,7.377707303757932
Album_3256,4478224,6.14271799600645
Album_3257,831392,6.345335083621139
Album_3258,860875,8.624081544212798
Album_3259,3267141,8.923602486847175
Album_3260,247671,6.914267476425535
Album_3261,25759901,7.255203296703929
Album_3262,320889,6.114462750007481
Album_3263,1370900,8.607308214320934
Album_3264,14294,7.9985001884301345
Album_3265,1747786,9.5294609237565
Album_3266,2535685,6.146012307384313
Album_3267,75943,6.74639052117814
Album_3268,206370,7.477735107030687
Album_3269,5799694,7.9757874452709245
Album_3270,36948,6.941198834942841
Album_3271,3960280,6.15244669145556
Album_3272,471916,8.257689034708285
Album_3273,571228,8.065362435054698
Album_3274,49142,6.100471079323531
Album_3275,3872296,8.826531361326595
Album_3276,100000000,8.604238451035926
Album_3277,4170607,7.361155796697352
Album_3278,150119,7.295517434851244
Album_3279,10893489,7.864869325339089
Album_3280,255153,6.16595631569249
Album_3281,12826050,7.236037774996899
Album_3282,1112280,4.617139746468984
Album_3283,3787,8.251746774603523
Album_3284,42401,5.326208133069769
Album_3285,13135411,9.0041037941148
Album_3286,895594,6.8038558872402595
Album_3287,91627,6.945999621682588
Album_3288,155776,6.446719312698593
Album_3289,14983,6.854353351293509
Album_3290,1582271,8.902237614177643
Album_3291,15077200,4.214629612157905
Album_3292,8675781,8.732358463305825
Album_3293,78896552,7.60562817732205
Album_3294,2282041,5.751574022571342
Album_3295,3301116,5.909625128340915
Album_3296,100000000,9.211671632649843
Album_3297,972108,6.065391744068723
Album_3298,277488,5.815979387284849
Album_3299,12581068,8.564777450837676
Album_3300,18088957,7.606263451543097
Album_3301,175837,6.074489308156322
Album_3302,216823,7.4599499704855425
Album_3303,575077,5.969096779631667
Album_3304,8231596,8.520985678107126
Album_3305,7519458,8.473645157847761
Album_3306,64271,7.838407438586332
Album_3307,45818970,7.63399327349642
Album_3308,643310,9.31342574984085
Album_3309,474341,7.199623592865871
Album_3310,65222,5.781751049495039
Album_3311,100000000,7.739368695398769
Album_3312,4573409,9.703256459444537
Album_3313,79952,5.982288608176978
Album_3314,3652671,6.766244679967217
Album_3315,4819299,7.699735245721743
Album_3316,536168,7.135314181193113
Album_3317,2402045,6.021235703547223
Album_3318,303316,8.546229427476565
Album_3319,1210068,9.98404886642071
Album_3320,16272,7.435357750828689
Album_3321,33178,6.1151180523168
Album_3322,11826878,5.3412473699358305
Album_3323,25081544,7.509571177465417
Album_3324,1783170,8.524652811979509
Album_3325,29828162,7.770201295794458
Album_3326,584439,7.197115390897376
Album_3327,347881,6.492874017852833
Album_3328,468702,5.889403640738292
Album_3329,1036134,8.20170159158986
Album_3330,906975,8.296525945662703
Album_3331,3138822,5.34512425597112
Album_3332,2825440,9.10780677381682
Album_3333,4729860,7.888885465072802
Album_3334,14687654,8.879513574174952
Album_3335,783162,5.589446701817862
Album_3336,51019,5.561011013501473
Album_3337,49260,7.021236828279244
Album_3338,1467736,7.803341312274233
Album_3339,1681680,9.355632987512356
Album_3340,1466560,8.047294696578158
Album_3341,674875,6.90878246782556
Album_3342,76387207,5.9683569508009295
Album_3343,117894,8.676000687262981
Album_3344,8444,6.042353489099142
Album_3345,4163367,9.154162265726786
Album_3346,320143,6.858738420472189
Album_3347,3939187,9.108698487141421
Album_3348,3894690,8.014717548071134
Album_3349,9684256,7.03560541266905
Album_3350,28966,6.576724353808649
Album_3351,215781,6.790910547184705
Album_3352,2457149,7.713980030850285
Album_3353,3942087,7.292587795461261
Album_3354,45381371,6.487426310317554
Album_3355,4935818,7.001242307618842
Album_3356,754317,7.29429243566298
Album_3357,37868,4.645519086702226
Album_3358,343286,7.749801737746439
Album_3359,136866,6.024334530339832
Album_3360,1496242,5.816001116153107
Album_3361,489719,5.175186783467147
Album_3362,19464,5.0473290025585325
Album_3363,149481,5.573462996265253
Album_3364,3047044,6.349174850843411
Album_3365,5258099,9.543910965031882
Album_3366,1833544,6.568944388925756
Album_3367,1928963,7.413300127521638
Album_3368,26513121,7.680577663807594
Album_3369,1398240,7.357278223459018
Album_3370,355573,7.107067847128808
Album_3371,63026,5.765647483680906
Album_3372,3171691,8.941113057935054
Album_3373,18086,9.368635972365462
Album_3374,203175,5.180809567052777
Album_3375,288919,5.971165690936345
Album_3376,44496,6.864227589147593
Album_3377,70597,6.042554646107771
Album_3378,5514515,7.807158664147038
Album_3379,826090,6.326073357112064
Album_3380,3622265,9.798067281367922
Album_3381,3038954,8.628658313212316
Album_3382,1102178,7.455088836758658
Album_3383,17928763,8.432383515983679
Album_3384,2003484,8.527080509228771
Album_3385,31107,6.523263014330109
Album_3386,12871544,6.220539306549642
Album_3387,1771906,7.293771675563577
Album_3388,416014,8.233963349397532
Album_3389,71441,7.366872478384101
Album_3390,690817,5.307604221370804
Album_3391,393942,6.236610667258989
Album_3392,17964530,7.111232563686746
Album_3393,385688,7.109201274809004
Album_3394,493246,9.56705061214777
Album_3395,2105365,5.536814469121203
Album_3396,6947672,7.80670709020305
Album_3397,2760081,8.986935729993947
Album_3398,12183388,9.925739694507355
Album_3399,586534,6.714723092179247
Album_3400,1728194,7.789715343264239
Album_3401,11661903,7.883712428638376
Album_3402,3165829,7.434578077863949
Album_3403,541524,7.081385758512833
Album_3404,15655147,7.723170467400055
Album_3405,1557,4.161304697736378
Album_3406,73543550,8.018483388075158
Album_3407,28675,7.351413484394361
Album_3408,201255,6.933030123866081
Album_3409,2536465,9.65623463486347
Album_3410,401145,6.390079177451337
Album_3411,4737293,6.716308813121963
Album_3412,321020,9.58986396264568
Album_3413,824305,6.201526434180172
Album_3414,182317,6.539861660476154
Album_3415,1331832,7.02356949188298
Album_3416,1172790,8.208881378555459
Album_3417,1099705,7.449363008823976
Album_3418,123571,5.648849583417285
Album_3419,211202,6.561397724247373
Album_3420,994636,6.471174680145347
Album_3421,5081405,7.107334745732346
Album_3422,314565,7.711012390355795
Album_3423,182296,7.701846907065566
Album_3424,947245,5.068785895141918
Album_3425,1430245,8.476729185073028
Album_3426,4938329,7.503082615195948
Album_3427,302284,8.861438457112687
Album_3428,29960,7.733037992748806
Album_3429,537554,8.521587549282915
Album_3430,230319,7.759854373740152
Album_3431,1544419,8.815470907443299
Album_3432,308556,7.826700763221335
Album_3433,3346028,7.082501704268515
Album_3434,1771186,9.926921664536259
Album_3435,1856811,8.266844546735872
Album_3436,1558938,7.888493305205296
Album_3437,553561,5.668434700153997
Album_3438,354604,5.654030859043755
Album_3439,2667975,7.551258578570224
Album_3440,179154,7.374625437321889
Album_3441,9160051,6.463052921990021
Album_3442,546623,7.369179239534472
Album_3443,151763,9.106352313652316
Album_3444,1782251,8.034482969460358
Album_3445,74089,5.830789788296714
Album_3446,2852663,7.0661894074284675
Album_3447,41294144,6.234040222976927
Album_3448,132486,6.734760100309726
Album_3449,1222703,6.7036612012444285
Album_3450,18077,6.626825300875194
Album_3451,941028,5.693837553631926
Album_3452,127004,7.046814382178172
Album_3453,165043,6.527270835783228
Album_3454,15363,3.6846615719972786
Album_3455,11948133,9.663566429401996
Album_3456,11615726,8.506523585060007
Album_3457,674003,6.748439130090005
Album_3458,144702,7.2225828596887185
Album_3459,9588293,5.794014783218926
Album_3460,497133,9.234867453373038
Album_3461,33333,9.476746433727733
Album_3462,2215069,7.38803247389583
Album_3463,163500,8.428236773022414
Album_3464,6468078,7.410344134720709
Album_3465,168668,5.595929473348884
Album_3466,2106066,6.705811957243611
Album_3467,14391631,7.358313560126349
Album_3468,54696,6.654542737507867
Album_3469,227961,6.937616067077957
Album_3470,655935,7.090320530989063
Album_3471,16627616,7.102945802561447
Album_3472,222924,7.26271018859698
Album_3473,129914,5.92727392032408
Album_3474,1364190,6.339580621046477
Album_3475,117570,5.658498881160037
Album_3476,1966451,8.373378659623441
Album_3477,10234,4.673223669791611
Album_3478,100000000,8.584308411980311
Album_3479,125040,8.863619276715411
Album_3480,353340,6.837383295620855
Album_3481,158443,4.076235494607242
Album_3482,29757445,6.766427325639252
Album_3483,54819,7.122979006453417
Album_3484,23232189,5.987282136085304
Album_3485,2690459,6.581737927430109
Album_3486,4649674,9.036234238636021
Album_3487,167659,7.99791259476209
Album_3488,1450681,6.09052306274628
Album_3489,72726,5.282880996485481
Album_3490,8344490,6.807579218868275
Album_3491,101701,6.943851864779474
Album_3492,865794,7.7954390248359795
Album_3493,192579,6.55761994491881
Album_3494,152033,7.813799490434234
Album_3495,11338698,9.522184848072275
Album_3496,3837064,8.178601226933115
Album_3497,8790369,7.142293791203073
Album_3498,20544,6.980219434736046
Album_3499,5467530,6.771992238984154
Album_3500,100000000,8.616769094942574
Album_3501,224208,6.447223864858437
Album_3502,36668581,7.2542672507999795
Album_3503,491096,7.2614374822573025
Album_3504,38334,6.597858968626162
Album_3505,192000,5.553041342539079
Album_3506,7962014,7.587569404341202
Album_3507,145371,7.12679523377354
Album_3508,327573,7.800288563323884
Album_3509,1918240,6.559679632273
Album_3510,1687254,8.664985558575658
Album_3511,1533681,6.147871462545787
Album_3512,3623254,9.25444834082147
Album_3513,737239,5.102836188206086
Album_3514,440761,7.721724077468269
Album_3515,1704394,7.770516819031949
Album_3516,78270,6.245331518470941
Album_3517,13680795,7.709272725433215
Album_3518,488532,8.73542240371219
Album_3519,2038253,4.539817392775123
Album_3520,683124,7.803293768988977
Album_3521,270502,4.208075015603907
Album_3522,167824,6.04120223577215
Album_3523,280831,9.154999637881135
Album_3524,17351,6.5018615599295355
Album_3525,48292,5.791344042709233
Album_3526,374527,6.962474725218382
Album_3527,4258817,9.681487605796264
Album_3528,2026355,5.001981303352769
Album_3529,175904,5.938428106032787
Album_3530,339265,8.996918019815553
Album_3531,137199,9.42924281224528
Album_3532,1978933,7.0758825308516595
Album_3533,6094866,5.713136756968029
Album_3534,35682346,9.71501220217099
Album_3535,8679989,9.113330870099036
Album_3536,4344645,8.014736385314679
Album_3537,14765532,6.225117181275096
Album_3538,1520797,7.141164790994356
Album_3539,2665876,7.007567902746203
Album_3540,517592,7.597021565538694
Album_3541,126312,8.941201725757603
Album_3542,347998,8.255300449364883
Album_3543,414677,5.9071487076182905
Album_3544,2079147,8.851795740023446
Album_3545,45830070,7.575758568015787
Album_3546,1432302,8.0244789550307
Album_3547,20534385,8.959849031134324
Album_3548,173320,5.866103700583739
Album_3549,423010,7.157009305552244
Album_3550,41073,6.562254538368942
Album_3551,71298,5.318568689561453
Album_3552,2847604,7.616051973125904
Album_3553,3318821,10.0
Album_3554,1761771,4.991906706593097
Album_3555,1136131,7.161263266740636
Album_3556,585029,7.968651522089728
Album_3557,63747507,7.347693841987417
Album_3558,624256,7.064246336981112
Album_3559,3784680,5.6409403638650115
Album_3560,415506,7.479344091528197
Album_3561,2116216,6.291883227580889
Album_3562,1386202,4.572093954025736
Album_3563,2504849,8.633510664616477
Album_3564,12913,8.350062983810451
Album_3565,862423,7.261993172221296
Album_3566,10835787,7.474889625846843
Album_3567,4410737,8.489181615258675
Album_3568,2249641,7.469207588133699
Album_3569,44262,8.284821065713578
Album_3570,159627,6.84302135895138
Album_3571,4032533,8.774380486288736
Album_3572,2220488,7.584942871119221
Album_3573,10280554,7.432862332327049
Album_3574,281596,5.675926693545562
Album_3575,2156121,7.54434702516205
Album_3576,505637,6.201654099006658
Album_3577,76354,6.434060728165807
Album_3578,5427,6.221549246020655
Album_3579,1006790,5.92051808172093
Album_3580,4084693,9.749725683620355
Album_3581,520452,8.797606874386084
Album_3582,100094,9.504441002573113
Album_3583,1363740,5.732525976533323
Album_3584,494307,7.285504499893071
Album_3585,1129905,5.6477908497550855
Album_3586,22090984,6.3651661473635235
Album_3587,6414,6.0982476199001105
Album_3588,418548,8.687500807729874
Album_3589,418114,6.7245243862778885
Album_3590,28083139,8.48205520043282
Album_3591,43899,7.924945067506222
Album_3592,100000000,9.964366502525747
Album_3593,435410,5.4246669322323315
Album_3594,1416271,8.711079887744159
Album_3595,1079215,8.575729044480873
Album_3596,187858,6.0319453943675585
Album_3597,12001155,8.408560003767791
Album_3598,116383,7.603373955631475
Album_3599,1403307,6.927028488055911
Album_3600,228039,6.2112774156336
Album_3601,114035,6.337068658260977
Album_3602,100000000,9.659774514943111
Album_3603,1864514,7.200819382748979
Album_3604,4394257,8.13855600183775
Album_3605,4881748,6.250920741998937
Album_3606,29418,6.264176464534033
Album_3607,51329423,8.49838177109993
Album_3608,2374,5.580508546138161
Album_3609,135041,6.7017434785136745
Album_3610,328520,7.240832893286679
Album_3611,2758700,7.333647122208063
Album_3612,1121279,6.9850880579806125
Album_3613,732239,7.674983737315108
Album_3614,1192686,8.031426906981373
Album_3615,177147,8.081565054551197
Album_3616,22338,6.017035429598608
Album_3617,2906703,6.859013882485444
Album_3618,6611161,8.633715434252325
Album_3619,32794686,8.273576625088648
Album_3620,72856,5.552568658222723
Album_3621,3978909,7.621775880422642
Album_3622,139476,4.8261297007502275
Album_3623,8967441,7.256321882472443
Album_3624,19434993,9.477320420095172
Album_3625,696402,6.062528739277217
Album_3626,247792,6.198812345410102
Album_3627,8712612,8.116835737887431
Album_3628,1164879,5.348638181748425
Album_3629,140289,6.440693964137953
Album_3630,81005,7.9157293650981035
Album_3631,309391,6.438856982772716
Album_3632,14494004,6.916836015346834
Album_3633,12478100,8.093022852378041
Album_3634,112226,7.705855300243874
Album_3635,91544,7.520182075554483
Album_3636,8418096,6.793053264875954
Album_3637,103856,7.644073338322746
Album_3638,2072675,7.051520783880292
Album_3639,309446,7.749366731910942
Album_3640,15186700,6.603681569858426
Album_3641,154756,6.98091723074455
Album_3642,4380828,6.012050648937583
Album_3643,1142480,7.157990867992517
Album_3644,820598,6.226798963645386
Album_3645,8030,5.863144259805608
Album_3646,11491,7.510393377426466
Album_3647,589194,7.455287731029193
Album_3648,2112824,8.139448481938286
Album_3649,65573,6.682649316509881
Album_3650,116709,7.689663416204107
Album_3651,3448409,7.860957086728396
Album_3652,3244829,7.733728569397914
Album_3653,372922,6.20921558063743
Album_3654,4197591,7.379236178725427
Album_3655,95805,7.636968355265594
Album_3656,397296,7.208614160289531
Album_3657,6223659,4.696226809954698
Album_3658,1017580,7.3925875487681765
Album_3659,3914286,9.855037247276691
Album_3660,65389327,6.767952877491621
Album_3661,31712,6.326307482573615
Album_3662,4959769,7.648018271653678
Album_3663,27109627,7.574853852559886
Album_3664,861064,8.631282198499697
Album_3665,2114947,5.690558212909335
Album_3666,175393,8.077656303089991
Album_3667,290915,7.908506473501756
Album_3668,1598609,7.029424155671345
Album_3669,4878487,7.606424781506028
Album_3670,14069888,8.435348977918029
Album_3671,31410299,8.246778456034141
Album_3672,354794,5.828376825511526
Album_3673,14350831,8.184189824106582
Album_3674,391044,7.122373673960978
Album_3675,5116120,7.287448917618619
Album_3676,1275559,7.287836389202034
Album_3677,1796246,7.019708413442088
Album_3678,3844062,8.630048996528478
Album_3679,30957,7.099538448180946
Album_3680,43478,5.856544645940198
Album_3681,781495,6.727764172836325
Album_3682,30719,7.414433660172571
Album_3683,8885675,8.675057741156461
Album_3684,6615783,7.9237136219386
Album_3685,931005,6.179357665503548
Album_3686,347226,10.0
Album_3687,14933880,7.517730373173576
Album_3688,100000000,8.730468885598818
Album_3689,987690,7.017942679707325
Album_3690,3081990,7.840031093646539
Album_3691,1997003,8.207362205422086
Album_3692,4836274,8.661833654105108
Album_3693,1196969,8.46884196645387
Album_3694,1269571,8.246636400087574
Album_3695,4083165,6.8218959225670694
Album_3696,62345415,6.513904749652727
Album_3697,59839,7.599129012389037
Album_3698,1146531,8.319753686809284
Album_3699,66532,6.932735159068072
Album_3700,36879004,8.478206358857264
Album_3701,594867,8.943140094583416
Album_3702,25946,6.1004148971118966
Album_3703,1748417,6.195695155444464
Album_3704,24261400,7.031549929313597
Album_3705,3655572,7.569135201827036
Album_3706,886339,6.570519583479539
Album_3707,4112754,8.822643214640573
Album_3708,17612535,7.708880233822142
Album_3709,143669,7.2473364578888875
Album_3710,272327,5.476908571357767
Album_3711,148024,5.6210210202869915
Album_3712,92306,7.537211100338168
Album_3713,116272,4.640885248614197
Album_3714,13565286,8.415164891572886
Album_3715,2276869,7.010215386753216
Album_3716,11859277,10.0
Album_3717,4315401,9.969499500739333
Album_3718,2059097,6.98226111690298
Album_3719,152514,7.072395596962422
Album_3720,788848,8.394697816802436
Album_3721,3288401,9.243807131901645
Album_3722,525557,5.23436513107678
Album_3723,523635,5.056349441574376
Album_3724,420882,6.453558233334743
Album_3725,537560,7.899285099808638
Album_3726,100000000,7.796248308609116
Album_3727,9392644,8.483725745980621
Album_3728,896699,5.76036296596163
Album_3729,125982,4.420627364437348
Album_3730,547091,8.229617034362574
Album_3731,377558,6.206164472441719
Album_3732,431302,4.777814562733635
Album_3733,20458,7.374076495151258
Album_3734,56225,8.151810825862412
Album_3735,209609,7.053531441454467
Album_3736,926871,6.6505819365810135
Album_3737,453992,7.008765321424912
Album_3738,12408506,6.755300685119061
Album_3739,18515,5.5823434656718
Album_3740,116832,6.342383187611482
Album_3741,23044816,7.825535886016578
Album_3742,1270912,7.5860142496518
Album_3743,5233134,7.401671767160185
Album_3744,26840024,6.005821821775945
Album_3745,180500,6.9821962054372
Album_3746,178998,4.587521944268575
Album_3747,520337,7.414171996662468
Album_3748,38106,8.914629249376281
Album_3749,178925,5.431041441549473
Album_3750,3303746,6.496886792018694
Album_3751,2895426,7.5949281344521555
Album_3752,5896514,8.70341116131298
Album_3753,290700,6.662130460439821
Album_3754,143265,6.369299604880925
Album_3755,3131922,4.837292229100701
Album_3756,317244,7.324125755169728
Album_3757,4942637,9.650491248172493
Album_3758,1319923,7.532830154357611
Album_3759,14798947,7.173265224979544
Album_3760,6824803,7.5864987729203825
Album_3761,60043,7.186689595261678
Album_3762,46031,6.224382753287845
Album_3763,4205011,8.187935898813247
Album_3764,811615,7.470913827734106
Album_3765,327821,7.221135902320389
Album_3766,3423028,6.0295607672661005
Album_3767,2563857,8.76420951832171
Album_3768,1334058,7.997643294399732
Album_3769,2752182,6.536494995159238
Album_3770,694451,8.402189824418326
Album_3771,13776784,6.602914993937752
Album_3772,104266,6.261595808986756
Album_3773,1901276,6.288356259023656
Album_3774,4901366,5.074717736294291
Album_3775,68072,7.765850856501847
Album_3776,135217,5.002626145993981
Album_3777,3787999,5.725867402481085
Album_3778,2348145,4.709294389105761
Album_3779,543272,7.096716368650928
Album_3780,169475,7.019615447673754
Album_3781,4483228,6.807964544176364
Album_3782,4599929,5.948906766395309
Album_3783,38844,5.793319495876032
Album_3784,95874,7.757243836255889
Album_3785,909074,6.539337681949815
Album_3786,3431596,7.579629985843374
Album_3787,260592,6.137701576650933
Album_3788,3496333,7.417275291325299
Album_3789,425786,8.763933644779277
Album_3790,16685,7.90339896047134
Album_3791,269614,6.705103418140224
Album_3792,1067450,7.508638764427113
Album_3793,401884,6.911201790563744
Album_3794,79819,7.209456221633674
Album_3795,17559,6.809266737421796
Album_3796,261246,7.002797752937531
Album_3797,5512713,7.45451202368901
Album_3798,5478706,6.007969560501659
Album_3799,4713302,5.980945407612026
Album_3800,68531,5.533748935402547
Album_3801,30712,5.279674674595548
Album_3802,1048529,5.739260769335425
Album_3803,3159352,7.391355008164955
Album_3804,1050384,6.128654981409739
Album_3805,19536,7.816337357077316
Album_3806,145373,7.241656498503074
Album_3807,233169,4.837794943874336
Album_3808,3164234,7.985970701066028
Album_3809,6083519,8.172958374710053
Album_3810,592549,6.007364790198176
Album_3811,2010074,7.70422985147399
Album_3812,571392,6.172202115108961
Album_3813,3368038,7.317204452098003
Album_3814,705761,5.682601911654041
Album_3815,313517,5.048272256958509
Album_3816,374584,6.740619372464438
Album_3817,880588,7.051525264470197
Album_3818,1673746,6.7227843676624754
Album_3819,676394,5.779163330132929
Album_3820,1358257,6.720121125442636
Album_3821,13894735,7.523153703096881
Album_3822,1333599,7.146128363852956
Album_3823,245610,7.4190012367190565
Album_3824,3157036,6.39586175945492
Album_3825,105940,8.606061497659391
Album_3826,45773,5.788591996134263
Album_3827,2114292,7.785072356504062
Album_3828,4601661,8.618269311551954
Album_3829,89182,7.777089711298674
Album_3830,331986,6.956970927522204
Album_3831,174704,6.566043544004425
Album_3832,567105,8.443305181255507
Album_3833,2265736,5.4924300896859926
Album_3834,1850444,6.035850887544428
Album_3835,611225,6.7229306814099346
Album_3836,568449,8.685184509014398
Album_3837,68088,7.655721163249075
Album_3838,7721679,6.038345089787706
Album_3839,2187004,6.8276307535381155
Album_3840,135681,6.462812227084447
Album_3841,2220683,6.348253209319758
Album_3842,1260332,8.374667470268136
Album_3843,199333,5.553908244883793
Album_3844,5054005,9.130537026881248
Album_3845,300721,8.193875628221548
Album_3846,779964,8.509034004724437
Album_3847,778526,6.64447258556969
Album_3848,271341,7.020071137105069
Album_3849,1300525,5.480217822570346
Album_3850,24725250,6.570405111519837
Album_3851,239808,7.792385817171781
Album_3852,62779,8.755275674137675
Album_3853,7572,5.871411819837058
Album_3854,479145,6.761392875617681
Album_3855,195417,7.018440935720974
Album_3856,528737,5.525052957369018
Album_3857,1498544,7.9096190901100805
Album_3858,21145,6.331211601908869
Album_3859,19015,6.965531578587571
Album_3860,1110917,6.657660753705747
Album_3861,658193,6.252793793136391
Album_3862,342537,7.1915460174233345
Album_3863,25754,6.941268505718373
Album_3864,1655589,6.7537705412656015
Album_3865,6627393,6.325846053983589
Album_3866,1702621,7.583429604939547
Album_3867,399201,9.184340722190742
Album_3868,958415,7.367864679406953
Album_3869,95362,8.395341857893355
Album_3870,2904547,5.531733689815845
Album_3871,1043765,7.3893137271525235
Album_3872,12152,5.88315801723472
Album_3873,182133,5.427690086961719
Album_3874,1306653,6.312754311049156
Album_3875,846651,8.630279201296288
Album_3876,820950,8.340018994403575
Album_3877,80579,7.49160566646528
Album_3878,997953,5.360759328132083
Album_3879,195886,6.964463218334476
Album_3880,12940,7.562040010682082
Album_3881,426260,7.410643475494318
Album_3882,1897453,4.987447699823106
Album_3883,217934,6.131618582376154
Album_3884,25078546,7.123106683021541
Album_3885,2622688,7.843549091420628
Album_3886,424997,4.564646614680065
Album_3887,565762,7.00545122942417
Album_3888,766244,7.371658523854743
Album_3889,792477,8.219534386219456
Album_3890,667420,8.031429101084925
Album_3891,3306091,7.899085582570566
Album_3892,76754,6.240071391957679
Album_3893,29834,4.9103974354520314
Album_3894,67358,6.728336691526319
Album_3895,87950805,8.401958190250273
Album_3896,5372256,8.872145433029317
Album_3897,2270053,8.052658922757342
Album_3898,125815,7.7152089873620815
Album_3899,3521749,7.655567578063159
Album_3900,457341,6.532657503887064
Album_3901,1144297,7.043927647735656
Album_3902,311203,9.202883430991598
Album_3903,630963,6.068930393049749
Album_3904,910000,9.137734548851821
Album_3905,143711,6.81356621460953
Album_3906,7752081,8.790518530914094
Album_3907,16002,5.5118219886029545
Album_3908,3545164,7.9030850413975795
Album_3909,2036840,6.315875836862854
Album_3910,59370,5.501679369690975
Album_3911,178164,7.462240850893135
Album_3912,945653,8.411366146315162
Album_3913,853505,6.186070273687805
Album_3914,241561,5.401180847449918
Album_3915,1815766,7.0897862827980545
Album_3916,25997166,7.095077605467383
Album_3917,405776,7.857983553065399
Album_3918,46138,8.339513485637386
Album_3919,4057988,7.128701782473008
Album_3920,71123697,9.426603977753116
Album_3921,2022970,7.46908169344235
Album_3922,74358,6.7842881927917205
Album_3923,239252,5.266119169076607
Album_3924,73523,6.884808575620599
Album_3925,2383019,6.7963356655066365
Album_3926,96143,8.352365755537765
Album_3927,583752,7.754980348880225
Album_3928,53300,5.78475705404086
Album_3929,1151990,7.4067052636932456
Album_3930,579682,8.005837406074864
Album_3931,2871494,9.0336376312654
Album_3932,1435757,8.265004760896872
Album_3933,176873,8.113015985173774
Album_3934,2927928,7.272103193538197
Album_3935,923065,7.665974406508139
Album_3936,236249,8.69940588084739
Album_3937,32030100,5.6006671230244205
Album_3938,1695005,6.780672807339653
Album_3939,373225,6.272917501492511
Album_3940,17156727,7.654983742471349
Album_3941,67104691,8.676266610780946
Album_3942,421306,6.483630855934711
Album_3943,384851,4.331634759036675
Album_3944,87261,6.705335105970636
Album_3945,1038926,8.296168478420888
Album_3946,747472,7.845155883539856
Album_3947,1508408,7.713823497372691
Album_3948,1325797,6.864008037750624
Album_3949,1146516,5.665163116536257
Album_3950,1766413,7.818353185949361
Album_3951,43388,6.19886182795845
Album_3952,457496,9.820916080056548
Album_3953,380594,7.884608650025419
Album_3954,323556,6.503222036935259
Album_3955,4568600,6.466337703133647
Album_3956,74485,7.088466952063694
Album_3957,341624,6.9125976935739
Album_3958,10597400,8.540200530635945
Album_3959,494891,7.423699403692856
Album_3960,1305180,6.322041913309766
Album_3961,1895854,9.46852882218694
Album_3962,1387690,7.259169997824268
Album_3963,809651,8.122607611162676
Album_3964,2124814,6.470128191066289
Album_3965,45604,7.635738753293428
Album_3966,469790,7.573331989371835
Album_3967,469468,4.9324208494846165
Album_3968,7854173,9.618330132552767
Album_3969,34632112,8.748773353107056
Album_3970,290579,6.723365620624815
Album_3971,8021224,5.877276311452974
Album_3972,265797,7.617073936564262
Album_3973,12107206,7.304037239297276
Album_3974,5118313,7.626802738275876
Album_3975,145514,7.429892875432908
Album_3976,2018414,7.8074891871671115
Album_3977,1733948,8.936766839270168
Album_3978,3961095,7.881723846154376
Album_3979,274762,5.940413401308071
Album_3980,987612,8.835075423254942
Album_3981,33349652,9.168737476185946
Album_3982,2683300,10.0
Album_3983,2145210,5.851807160112482
Album_3984,594232,7.49145841578033
Album_3985,6478938,4.701481556173215
Album_3986,289300,7.863778987655051
Album_3987,169870,6.542159642199873
Album_3988,53924843,9.508134953789945
Album_3989,208009,6.270462035977702
Album_3990,7193143,5.172980354439286
Album_3991,3616158,6.634483511156977
Album_3992,180847,4.829414674539436
Album_3993,33660,8.101319345408772
Album_3994,224653,4.721900344492416
Album_3995,1004835,7.234149097419791
Album_3996,2392258,4.706625816172564
Album_3997,15945953,6.8156426345560295
Album_3998,549109,9.17205378696544
Album_3999,4969114,7.632777469722954
Album_4000,2219312,6.163807674042079
Album_4001,6770620,7.1625558132731
Album_4002,2209308,7.221620246453336
Album_4003,21995,7.767156415012087
Album_4004,260156,5.559769964063008
Album_4005,114019,7.911080728616797
Album_4006,106101,3.9547300420766702
Album_4007,3921864,6.444138537163428
Album_4008,1107191,6.614071389058147
Album_4009,11712624,7.959992191285487
Album_4010,1618623,7.227157023212243
Album_4011,25848,5.513324335372456
Album_4012,2885,6.018008249019582
Album_4013,1223009,7.438416011456888
Album_4014,501173,7.105119189762533
Album_4015,80711,6.505051068437105
Album_4016,20135,6.622999452585625
Album_4017,281591,8.035401596591147
Album_4018,400472,6.578768912556942
Album_4019,2896173,7.094290507165113
Album_4020,4321979,9.803923905696651
Album_4021,8554131,5.491580835739293
Album_4022,33445,4.97778872211041
Album_4023,7513947,8.140307597758328
Album_4024,589725,6.385628326447076
Album_4025,2672154,6.818114966708856
Album_4026,210718,6.262612346242664
Album_4027,5882430,6.888239831078986
Album_4028,3796432,9.11824573451561
Album_4029,335167,8.162554150341743
Album_4030,1320189,8.234668214264373
Album_4031,213448,5.5005275330488255
Album_4032,1074820,5.818615516136557
Album_4033,13863,3.793105608617488
Album_4034,467740,6.2287430147006955
Album_4035,3155433,8.34804382366279
Album_4036,1174337,7.820335818898045
Album_4037,10438114,6.934184084457452
Album_4038,3740258,7.1732396595383365
Album_4039,525290,6.373337348909514
Album_4040,1405963,7.445710658882141
Album_4041,2305615,8.119053935376737
Album_4042,684926,5.260935855107433
Album_4043,25046,7.5595772254048175
Album_4044,771744,8.318921845145601
Album_4045,32275,6.701879653243957
Album_4046,15823112,8.0408407345447
Album_4047,2894436,10.0
Album_4048,514377,7.07478864841573
Album_4049,6135357,7.671968460006388
Album_4050,1204789,6.314331499606331
Album_4051,94040,7.417501395122461
Album_4052,922047,7.752325949978765
Album_4053,463504,7.433810808324166
Album_4054,13347,5.976365616349372
Album_4055,229409,7.447634125590541
Album_4056,1342758,8.954635126461165
Album_4057,838424,7.738362917417433
Album_4058,74067,8.35438462688621
Album_4059,6997923,6.915585635984847
Album_4060,1030684,8.099880287308453
Album_4061,1027528,7.535121405859831
Album_4062,1015342,6.058907124375322
Album_4063,201785,7.5822252057586494
Album_4064,1107586,6.0099640038716275
Album_4065,264639,6.44054367013825
Album_4066,150305,7.427193968750849
Album_4067,3033542,7.556693128056149
Album_4068,7801356,5.772921041907445
Album_4069,6465883,8.46478292541945
Album_4070,7196885,7.8864075339605675
Album_4071,186446,6.354325877266939
Album_4072,13124,5.35489824426099
Album_4073,14553357,7.026114505102282
Album_4074,37560500,6.664867543366608
Album_4075,18877811,7.335768548463627
Album_4076,331226,6.764260006613321
Album_4077,24010,4.791051767105989
Album_4078,75782,6.73398367403861
Album_4079,23136,6.833257066718025
Album_4080,951161,7.96039322972887
Album_4081,13156626,6.362160390466741
Album_4082,1662577,9.21440960804708
Album_4083,468673,4.906031339217892
Album_4084,27726367,8.773400997363149
Album_4085,314021,6.930817234946274
Album_4086,79146714,8.231501846812268
Album_4087,45447560,7.29576178087048
Album_4088,1228753,8.567466643230564
Album_4089,201292,6.735165642536627
Album_4090,1681679,5.881655489786626
Album_4091,943406,8.904605144725275
Album_4092,74518,7.063823224941431
Album_4093,11940092,7.465870168349053
Album_4094,19263947,8.681702296853754
Album_4095,592348,5.961653709486678
Album_4096,92186,7.914589077167109
Album_4097,48388,6.4921262922445315
Album_4098,922789,7.041396773226754
Album_4099,309782,7.286734758461147
Album_4100,165658,5.399733766263677
Album_4101,3900534,6.265395548615478
Album_4102,7857683,8.821287470895767
Album_4103,21595598,8.263429426301755
Album_4104,107062,7.124832507207318
Album_4105,469531,7.4917481502154715
Album_4106,3083012,6.8469089932362515
Album_4107,4457536,8.827900062993578
Album_4108,15318153,6.959576906647004
Album_4109,2148281,7.4782105105618175
Album_4110,64607192,8.575236172970477
Album_4111,1488996,6.2671542181849125
Album_4112,17186047,9.070547021396273
Album_4113,168500,5.363446308307948
Album_4114,2205268,9.15557055733536
Album_4115,3985938,6.752789299257631
Album_4116,17546009,6.9087615026096625
Album_4117,1115114,4.931987794580468
Album_4118,519581,6.654246339146769
Album_4119,6788809,5.952232162767739
Album_4120,6984,6.470824385551833
Album_4121,43180,7.035226841053345
Album_4122,5598131,8.349349937367487
Album_4123,939195,7.449124021680751
Album_4124,3254773,7.5692119840813366
Album_4125,475205,5.885376733385326
Album_4126,1488737,6.143095092476724
Album_4127,465296,9.358470022021574
Album_4128,1623105,6.317758758284104
Album_4129,15911521,9.187449902468755
Album_4130,8002499,6.90832656134296
Album_4131,45284770,7.202745523372205
Album_4132,2496539,8.484438192275915
Album_4133,2990519,8.726270906326388
Album_4134,35852,7.067024927665095
Album_4135,220627,6.734108335774153
Album_4136,529815,7.132895461773344
Album_4137,8067979,7.6055490338785425
Album_4138,405460,8.269564424243708
Album_4139,3973738,7.205075830792982
Album_4140,1164833,7.942663557627784
Album_4141,1511600,9.16603167872513
Album_4142,1667062,7.657571534717742
Album_4143,444488,7.573983427205734
Album_4144,137390,5.3773070098919185
Album_4145,5497,4.043123835805124
Album_4146,619778,7.666050875076202
Album_4147,291609,7.0862109224629535
Album_4148,210906,6.58226079010231
Album_4149,2147605,7.492236245023614
Album_4150,2902322,7.1275155249637105
Album_4151,2523247,8.553336300760678
Album_4152,6215128,7.303333041910774
Album_4153,1628174,6.303692057915799
Album_4154,809350,8.388199486751146
Album_4155,280410,6.939442710064557
Album_4156,2066912,7.831844020406769
Album_4157,1907087,6.62710715256864
Album_4158,8937732,6.420207737403077
Album_4159,9182839,7.301001876222836
Album_4160,275061,7.2153943722524225
Album_4161,876668,7.7757924424402
Album_4162,2625673,6.877625096028309
Album_4163,2267480,4.996368259475524
Album_4164,4066424,6.680671339693934
Album_4165,1142278,8.152582160572578
Album_4166,54914,6.843148704908272
Album_4167,94305,6.904339916982543
Album_4168,2513264,8.383651807087125
Album_4169,1042640,6.345632127289293
Album_4170,35488,5.348636138108521
Album_4171,800314,7.007242656569407
Album_4172,2130664,6.618991258501516
Album_4173,45152,6.040504416296096
Album_4174,6614450,6.989545852921571
Album_4175,508815,7.789806776696141
Album_4176,9915929,7.188853726118621
Album_4177,333461,7.568377287223486
Album_4178,307058,9.376089238218508
Album_4179,262497,6.788545366130923
Album_4180,787574,7.534018361573604
Album_4181,273077,6.588943964881039
Album_4182,314953,6.184368336135632
Album_4183,1106802,6.498110815898676
Album_4184,429503,6.625489714173974
Album_4185,876297,7.631370957056551
Album_4186,107103,10.0
Album_4187,1148273,6.340747876468992
Album_4188,525244,6.700049633261445
Album_4189,19437449,7.124252384266502
Album_4190,156115,7.674958618451696
Album_4191,25375,7.516260974345742
Album_4192,5995947,8.740914952737741
Album_4193,375952,4.28832951535775
Album_4194,25616,4.335684155765193
Album_4195,28084,6.604946193587821
Album_4196,33705566,8.516760225052451
Album_4197,5329840,5.321222362073285
Album_4198,1000,3.590841192367492
Album_4199,454185,7.885415287463051
Album_4200,26025267,7.492388668443257
Album_4201,161740,5.891749911840685
Album_4202,167284,6.0173524791348845
Album_4203,255923,6.036307536438391
Album_4204,91539,7.3326423809687284
Album_4205,18300,6.448421668580392
Album_4206,8899743,7.792876702770624
Album_4207,3645,3.774448004514731
Album_4208,790508,6.171777761846641
Album_4209,2415765,5.84873524690674
Album_4210,37939,6.892391185953009
Album_4211,91916,6.554342689811834
Album_4212,14725108,8.15741253587492
Album_4213,766953,4.968795874007931
Album_4214,241041,7.254589771596903
Album_4215,12478277,7.870003707854047
Album_4216,27427587,9.427976923874345
Album_4217,1034103,6.62188083468783
Album_4218,161838,7.5893503252230206
Album_4219,119465,5.035364648925162
Album_4220,340305,4.329652554824372
Album_4221,917745,8.21372925093804
Album_4222,5254409,7.193327647622316
Album_4223,76692,8.614215227758107
Album_4224,17808,5.551916533236302
Album_4225,1581182,7.823882567434503
Album_4226,925604,9.442581408652623
Album_4227,295884,7.703646730028719
Album_4228,27717,7.531897806709258
Album_4229,842581,7.21026729698922
Album_4230,282648,5.3149422514489055
Album_4231,6718004,8.826687522852417
Album_4232,641328,6.466970832233921
Album_4233,836918,7.805379907659621
Album_4234,3322342,5.324358832114497
Album_4235,28778,5.784648402590664
Album_4236,5575156,8.922104879066683
Album_4237,23140,6.783237253250588
Album_4238,360497,8.943930571251054
Album_4239,68032,7.106123209129779
Album_4240,1275369,4.989722672450571
Album_4241,1207931,8.270481119678065
Album_4242,550762,6.492129218693271
Album_4243,134020,8.038426576220452
Album_4244,449431,7.2302530410480985
Album_4245,69369,5.348258126468556
Album_4246,1915495,7.397153718444683
Album_4247,414799,9.835467770583358
Album_4248,15484972,7.7915837502173515
Album_4249,27291,7.130978696393444
Album_4250,306252,8.490412082348277
Album_4251,26187744,7.452802158243733
Album_4252,382867,7.451441076315353
Album_4253,30190,5.890049793409077
Album_4254,1437551,7.480617630947518
Album_4255,579824,8.442532099700333
Album_4256,91731,6.19672541747997
Album_4257,211706,8.909394985496338
Album_4258,100000000,7.089952771025849
Album_4259,286139,6.134676586153751
Album_4260,31177,8.397158492304293
Album_4261,13461481,6.855846917114077
Album_4262,4316048,8.111417864983329
Album_4263,146094,6.849889641289756
Album_4264,120314,7.128208627764116
Album_4265,4168562,7.79227224520115
Album_4266,585781,7.549076469108007
Album_4267,5170,4.8053618634579145
Album_4268,14676141,5.85450751188673
Album_4269,591055,8.31529198174898
Album_4270,14825533,7.0414360933181435
Album_4271,7592193,6.571522436674294
Album_4272,48186,5.569711181691031
Album_4273,3330183,5.904316414468982
Album_4274,65123,4.773841632045663
Album_4275,18139,7.078463137558161
Album_4276,240804,6.481874903302744
Album_4277,999811,6.040094530817622
Album_4278,306708,7.118251889798456
Album_4279,542685,7.636764757023286
Album_4280,27869705,9.711837518651933
Album_4281,402664,5.385739896524144
Album_4282,299249,8.591257251960627
Album_4283,5885025,8.367721873218086
Album_4284,750050,6.26508871274796
Album_4285,5876,7.4438831455032375
Album_4286,1442842,6.650840100794862
Album_4287,1973009,7.422826296502487
Album_4288,2075517,9.01095721608546
Album_4289,6898157,7.9267274791575755
Album_4290,285038,7.8103300478801305
Album_4291,1220552,6.683628816054429
Album_4292,14409,5.419132002090798
Album_4293,1605747,6.94983814735151
Album_4294,82646603,8.647929785836698
Album_4295,44089,5.367398572092423
Album_4296,93652,5.933892758187966
Album_4297,210182,7.351521283480882
Album_4298,579084,6.018414258183285
Album_4299,59779,6.248971863461745
Album_4300,1451830,6.691681701926187
Album_4301,1932469,5.561259114971821
Album_4302,1308276,6.031053784540358
Album_4303,35782,8.044113500144771
Album_4304,2692318,5.631156261322843
Album_4305,2014761,5.282553438606195
Album_4306,2906057,6.443970024559327
Album_4307,2636223,8.078346603011815
Album_4308,1112617,6.963693830403733
Album_4309,4809146,6.642502706261258
Album_4310,38788805,7.253230557018728
Album_4311,42044,5.105151080568418
Album_4312,9370473,7.793646784530039
Album_4313,853949,7.660122037684373
Album_4314,486537,6.708829831085135
Album_4315,68220,8.4071094141557
Album_4316,231867,5.847004681256354
Album_4317,215823,8.553490791904283
Album_4318,349754,7.385392398714302
Album_4319,73254,6.796136892146192
Album_4320,324570,7.176151637558026
Album_4321,335514,7.07128228102687
Album_4322,2034335,8.664339475701262
Album_4323,16722,5.907985047034784
Album_4324,28323,6.2849769130240825
Album_4325,3095965,8.443563470486975
Album_4326,114439,6.485358077779369
Album_4327,11868274,8.28063969279791
Album_4328,3506752,9.239323179610452
Album_4329,2131736,6.71784596767004
Album_4330,20382801,8.017634791890366
Album_4331,217154,5.81556926239217
Album_4332,401863,8.105679957681371
Album_4333,5194233,7.439308783184121
Album_4334,2966371,7.767645938592258
Album_4335,376245,6.425313513557526
Album_4336,4810280,5.206699901319393
Album_4337,713161,7.803902477699406
Album_4338,249572,4.723916217024655
Album_4339,695255,6.819179409308958
Album_4340,218714,8.329418239703964
Album_4341,1056328,7.430277283047643
Album_4342,42394362,9.538011173747776
Album_4343,3630939,8.430130983098127
Album_4344,579422,6.415321934009309
Album_4345,592942,7.232776055821726
Album_4346,1518618,7.143155156946677
Album_4347,1397544,5.301387883984647
Album_4348,1550733,6.071521300218777
Album_4349,296503,6.527086911624168
Album_4350,454899,4.756535396572876
Album_4351,2165962,7.256992161901971
Album_4352,92611,6.901113786416351
Album_4353,413629,5.192527318426111
Album_4354,13628,7.685055438332799
Album_4355,3251383,8.05904729362915
Album_4356,3460441,7.472441374637867
Album_4357,2959856,6.811118189749236
Album_4358,521660,7.909730582102226
Album_4359,2249516,8.01626443257203
Album_4360,16723907,7.5688842836636265
Album_4361,8308352,6.210465299478287
Album_4362,897721,7.531920918613417
Album_4363,2182382,8.634576780990574
Album_4364,5198313,6.484045129665924
Album_4365,141090,9.717527206958918
Album_4366,308189,6.569242879217539
Album_4367,11882593,7.238888416008163
Album_4368,3786337,6.393017284792397
Album_4369,1928957,7.467925003104313
Album_4370,13946,5.10933396883767
Album_4371,525735,6.544749841419935
Album_4372,128655,5.889454559581719
Album_4373,1695148,7.362406017470749
Album_4374,290098,8.39333685061069
Album_4375,152688,7.975207424537462
Album_4376,3125,4.354008766969329
Album_4377,31605798,9.650483583513456
Album_4378,432625,7.554335928745042
Album_4379,692727,6.2682010314084
Album_4380,881870,7.388553502789129
Album_4381,105963,7.411427787003231
Album_4382,43554,6.3997815396581235
Album_4383,121554,7.43750000081049
Album_4384,131818,6.471033254855632
Album_4385,1316642,6.714765608771973
Album_4386,108748,6.376465037093899
Album_4387,11221907,5.480794452312417
Album_4388,6864020,7.3750037642584605
Album_4389,5768362,7.9023593238196055
Album_4390,864245,7.817860315291647
Album_4391,27248706,8.183910303162282
Album_4392,633232,7.589208252017842
Album_4393,550092,6.560729402139716
Album_4394,1874302,8.207596637317426
Album_4395,1452992,5.570978952189678
Album_4396,1678503,6.119194340985024
Album_4397,174770,6.042959914292107
Album_4398,530749,8.496067270967172
Album_4399,5103713,8.331346216968091
Album_4400,4514731,7.784766284453994
Album_4401,698336,8.486315838254157
Album_4402,19891,6.144860661105614
Album_4403,656399,7.618314143833176
Album_4404,2602405,7.049790685940203
Album_4405,49573300,8.216258524661896
Album_4406,68524,7.061730920937363
Album_4407,272635,6.738068533907903
Album_4408,511824,7.849090222273188
Album_4409,20528242,8.25140300062948
Album_4410,503384,6.397985766183838
Album_4411,126589,7.126709194377149
Album_4412,1305799,5.929871239630017
Album_4413,80168,4.202326779008473
Album_4414,78550,7.440551557696475
Album_4415,194813,7.930686427505559
Album_4416,30259598,7.514480170904071
Album_4417,539652,4.86052593869476
Album_4418,810178,6.77898068390823
Album_4419,129211,4.537982687938703
Album_4420,3289079,8.843641329185022
Album_4421,735892,5.8967345014582975
Album_4422,3071202,8.706484331351875
Album_4423,1789079,8.335043572420975
Album_4424,2669074,6.119291576956726
Album_4425,427854,5.840658058478706
Album_4426,140694,7.620444259663606
Album_4427,142708,6.186811155380315
Album_4428,16374,7.3229815705898496
Album_4429,34758603,6.620606891031699
Album_4430,1554732,5.06260990264124
Album_4431,40198,4.523438377050649
Album_4432,525613,7.472021098193517
Album_4433,161024,6.52613070440325
Album_4434,12650920,6.536292219703041
Album_4435,71522,8.035036606912543
Album_4436,2049317,8.608130731958934
Album_4437,550959,6.872946334365829
Album_4438,3434280,6.791281551708167
Album_4439,883871,7.800171639736661
Album_4440,10608,5.57167731636051
Album_4441,557744,7.467783665697237
Album_4442,160621,7.862263166186585
Album_4443,1421605,8.016276250101155
Album_4444,4440610,4.875896756997042
Album_4445,15745,6.286373676229271
Album_4446,96047,6.14608409661184
Album_4447,283380,7.319864345291056
Album_4448,501412,7.7768934957215805
Album_4449,8695164,8.996052488935177
Album_4450,423340,6.606041423558312
Album_4451,1373759,6.602913002028943
Album_4452,459666,8.579606422654496
Album_4453,1525442,7.555892326236366
Album_4454,8171688,8.721181813425568
Album_4455,221601,7.546473603611804
Album_4456,1921172,5.811460057544075
Album_4457,402265,5.600245974266633
Album_4458,2571533,5.338185301129285
Album_4459,801621,7.994462201710168
Album_4460,3525903,8.62631618770441
Album_4461,2254423,9.419234569663658
Album_4462,1102883,8.211726398787889
Album_4463,2718427,8.595406293041982
Album_4464,1665448,6.503980400815578
Album_4465,33091,5.812301019907372
Album_4466,23613161,8.220095198901063
Album_4467,25116,7.701216902687281
Album_4468,218565,7.328933249209071
Album_4469,842294,7.664845776759588
Album_4470,2232479,7.587822578949847
Album_4471,40736504,8.740580231824273
Album_4472,42634,8.753982701780346
Album_4473,404798,7.8530644228084165
Album_4474,19030,8.214963447075514
Album_4475,1169025,7.816875062909731
Album_4476,1052485,6.646596321558458
Album_4477,30570018,8.107877609895768
Album_4478,444440,5.526605917368887
Album_4479,12242024,8.46466986275506
Album_4480,1265477,5.7665724722807585
Album_4481,400706,7.54296394415368
Album_4482,28998,6.185815249888609
Album_4483,1947462,7.8640667796893124
Album_4484,39952,7.15928972888651
Album_4485,4129060,5.286292850204001
Album_4486,750350,7.704839557222175
Album_4487,6222002,6.506495067800747
Album_4488,523482,8.257376064976043
Album_4489,1381246,7.201590826481289
Album_4490,1553390,7.674505182465646
Album_4491,414724,6.050917253981746
Album_4492,238251,6.492801322287166
Album_4493,1342076,6.649633636678699
Album_4494,211439,8.228042976291068
Album_4495,196330,9.212852505366588
Album_4496,5971750,6.233793897908549
Album_4497,6585921,8.492217773589216
Album_4498,250190,4.596387098729158
Album_4499,11004018,5.766972718689253
Album_4500,265455,6.049465852575871
Album_4501,5044964,5.576989572671133
Album_4502,442853,5.299693932254904
Album_4503,133025,7.695598694565358
Album_4504,28563486,6.9431187627265665
Album_4505,7341582,7.655286477126132
Album_4506,957653,8.028567223345815
Album_4507,4047915,7.51874039180704
Album_4508,533519,7.9893158113804486
Album_4509,4059533,7.116561256509277
Album_4510,3313,5.775607934033107
Album_4511,197814,8.469377016984955
Album_4512,4013010,6.493065440662648
Album_4513,279101,6.077284441485089
Album_4514,1097267,6.986498549034723
Album_4515,31531,6.104626896844184
Album_4516,25273722,6.699083541612682
Album_4517,10718605,7.61286470587616
Album_4518,665061,7.618010087095352
Album_4519,209380,6.1226039202892455
Album_4520,4716537,6.614753552461506
Album_4521,80966067,8.489199605724293
Album_4522,7314436,7.795680141280729
Album_4523,100000000,9.69007804721825
Album_4524,258687,8.616153808489834
Album_4525,311079,8.573151682271927
Album_4526,32513,5.534557739453038
Album_4527,3084306,8.116632421960107
Album_4528,1109414,7.136271837963707
Album_4529,427414,6.538821835754101
Album_4530,4498823,7.401618408639035
Album_4531,16714449,8.33425384153378
Album_4532,51491,7.800997909205054
Album_4533,144202,6.1458314383895285
Album_4534,6489931,8.090950696311145
Album_4535,215770,6.434894949508844
Album_4536,186017,7.460019742757144
Album_4537,5152872,6.835979919027439
Album_4538,53620,6.93736049791725
Album_4539,698427,8.119491570048611
Album_4540,833319,5.951767536220923
Album_4541,821984,9.534234089132319
Album_4542,1294531,5.014696716846604
Album_4543,180528,6.482798780094171
Album_4544,16841659,7.644254267930089
Album_4545,890106,7.901176999722372
Album_4546,2905903,7.079429135313954
Album_4547,3462888,7.131131156398149
Album_4548,293975,7.69266010239314
Album_4549,11549,6.922716627050784
Album_4550,3826343,8.871817509521888
Album_4551,1541376,8.207218937077922
Album_4552,4136442,8.247389221206761
Album_4553,287003,6.0406119319555
Album_4554,324977,7.104733890713157
Album_4555,37380751,6.839440861535156
Album_4556,23200,5.993278349172641
Album_4557,4342668,7.63219702073492
Album_4558,185018,6.55482509066422
Album_4559,610287,7.986484595820285
Album_4560,224960,5.915770124526802
Album_4561,453411,9.262848735410184
Album_4562,1475708,6.124400809689526
Album_4563,14840471,7.463162804640524
Album_4564,3318896,8.15023117246568
Album_4565,703891,6.515231483759865
Album_4566,186950,8.222962372119541
Album_4567,1083969,5.724979682639501
Album_4568,100000000,8.942541239019073
Album_4569,379686,7.2169791179589105
Album_4570,265716,6.484306310437344
Album_4571,219325,6.840981873087078
Album_4572,492142,8.170703123271263
Album_4573,2341,6.498653649779475
Album_4574,1155976,6.300770772692667
Album_4575,130088,6.934156082899515
Album_4576,15887,5.7876454646760385
Album_4577,10839487,9.384652689530178
Album_4578,65915,6.520326490542332
Album_4579,674435,8.197940143416485
Album_4580,17168156,7.451364100377328
Album_4581,26658,6.0185591394216384
Album_4582,37467,7.192854348944725
Album_4583,2211129,8.140803335172897
Album_4584,7174315,6.974086397896432
Album_4585,70769,8.631735535021233
Album_4586,3362814,8.425818471338237
Album_4587,4472007,8.302697825589995
Album_4588,9955,6.648411873272404
Album_4589,2082536,5.9041890626622155
Album_4590,3220538,6.463694873564647
Album_4591,486101,7.435489128800064
Album_4592,13689843,7.854944056238827
Album_4593,2126458,4.594114314287463
Album_4594,985956,7.1902641580659
Album_4595,359317,7.389707070387821
Album_4596,97520,6.866946892421338
Album_4597,1622757,8.749528606819055
Album_4598,3244870,7.7061360891010455
Album_4599,925196,8.772230289697077
Album_4600,8737,6.940847375579722
Album_4601,17892895,8.32497299100831
Album_4602,3145509,9.162079673433023
Album_4603,828827,8.774032139127193
Album_4604,2324537,5.88943008788552
Album_4605,14607878,6.895588706949143
Album_4606,2414,6.7858023534602445
Album_4607,2576854,7.787105442091593
Album_4608,70158,8.023624266017439
Album_4609,1322302,6.193328791169117
Album_4610,1084421,7.281406216700326
Album_4611,855547,4.776087201412636
Album_4612,705506,8.930334006962267
Album_4613,13989,6.585150911187968
Album_4614,338670,7.267036727813396
Album_4615,1510430,6.828420343214327
Album_4616,12217760,8.575233090016098
Album_4617,14098,3.7949922703231453
Album_4618,6225439,7.180067589208909
Album_4619,207060,7.073017491002763
Album_4620,1267703,6.655636334889981
Album_4621,819088,9.271471854762758
Album_4622,681426,6.135204649373074
Album_4623,7624162,8.126155412682794
Album_4624,85795,7.6275033464473
Album_4625,441132,8.71382310304262
Album_4626,782001,6.399373098266993
Album_4627,63299373,6.3204373210514895
Album_4628,276858,8.515283888972878
Album_4629,61556164,7.710385569996133
Album_4630,17573175,5.34607518398789
Album_4631,480121,6.552833982644076
Album_4632,559906,7.663659184617673
Album_4633,333877,8.205317065855906
Album_4634,467921,6.384923216168454
Album_4635,8416,3.702892812219671
Album_4636,947380,7.82786782288444
Album_4637,7737337,5.735615172067229
Album_4638,70786,4.779193442253106
Album_4639,91049,3.8012088900190313
Album_4640,43743,8.17677703223729
Album_4641,1840034,7.35434094048596
Album_4642,1194895,6.9292123431452985
Album_4643,2107091,8.866829235555315
Album_4644,765849,7.9647896196276875
Album_4645,1183828,9.139560051266301
Album_4646,953752,5.5287174333996045
Album_4647,745370,7.158539251255244
Album_4648,573730,5.259943950062383
Album_4649,1079853,6.92474120177344
Album_4650,6567770,6.901660975479987
Album_4651,4546900,7.951936364715685
Album_4652,1218415,7.254676657370278
Album_4653,24419397,7.948088565935899
Album_4654,2849349,8.044128159766673
Album_4655,39939748,9.785914412859771
Album_4656,2246102,6.821644013656651
Album_4657,11516,6.070772759200345
Album_4658,12702631,7.495300338379691
Album_4659,652772,6.237263967432548
Album_4660,1767836,8.978352922123843
Album_4661,1193935,6.860138353265721
Album_4662,287991,6.521308358551212
Album_4663,956722,6.634421134618659
Album_4664,379761,8.06210090816597
Album_4665,9378180,7.010703620122218
Album_4666,437059,6.429999815843542
Album_4667,1018705,9.198422301148238
Album_4668,75844,6.1725961912059
Album_4669,1409705,7.242679288839592
Album_4670,1733404,7.982767381932277
Album_4671,658716,5.242397867499513
Album_4672,137812,7.77631260168711
Album_4673,17406,5.933870789423461
Album_4674,4615137,8.187339337000804
Album_4675,8812600,6.044818785697228
Album_4676,156835,8.031322838218633
Album_4677,37595029,8.526999679553656
Album_4678,2384938,8.233723830759367
Album_4679,924181,7.501579977885723
Album_4680,316830,6.9224388684843605
Album_4681,35778,6.508296508398187
Album_4682,14049225,8.965241628980525
Album_4683,112318,6.360605735798829
Album_4684,90957,5.955520711716005
Album_4685,8736969,7.998442722039396
Album_4686,11572,6.244635836176206
Album_4687,21650,6.059923803040648
Album_4688,326952,5.467674885396282
Album_4689,1084709,6.620508192647379
Album_4690,2022490,7.100741971324208
Album_4691,510046,7.491710073192839
Album_4692,100000000,8.34156749315938
Album_4693,701063,7.832277508398953
Album_4694,453116,6.970953336536184
Album_4695,145380,6.962165188344336
Album_4696,1402698,7.812188962698221
Album_4697,5917736,8.727084195514283
Album_4698,9654595,7.3515770393798405
Album_4699,30944,6.6370429749475095
Album_4700,271655,6.008560798697346
Album_4701,827599,5.46575368270533
Album_4702,3889833,7.999523606452228
Album_4703,1155315,7.893574228367469
Album_4704,3372841,7.892836230127994
Album_4705,147986,7.045608664377533
Album_4706,42286215,8.8883216950701
Album_4707,4389759,6.619057806498219
Album_4708,97081,8.346323084648647
Album_4709,91724,7.153508526012549
Album_4710,68950,6.469979082384795
Album_4711,4463564,7.911036368781314
Album_4712,78930,7.6915633424207925
Album_4713,515109,7.628367311120312
Album_4714,2101529,7.297534106467439
Album_4715,690335,7.154528301939803
Album_4716,5486357,10.0
Album_4717,194648,8.621107974235407
Album_4718,4087339,8.067392273982614
Album_4719,252876,7.334158989844066
Album_4720,770700,8.408588640716003
Album_4721,1769593,7.821593731669743
Album_4722,1006389,7.231445703328843
Album_4723,704907,6.835722809680902
Album_4724,171132,7.102899194804774
Album_4725,66081,3.3954891169463335
Album_4726,918711,7.45272100715717
Album_4727,38435,6.6138287038675685
Album_4728,831125,9.11120399793946
Album_4729,1770842,7.223212884974106
Album_4730,30691,5.773243896558046
Album_4731,7906811,7.140143815046259
Album_4732,5452331,5.944654697924995
Album_4733,88764,7.76808889885496
Album_4734,14502153,7.549136837207382
Album_4735,1074687,8.349407557329922
Album_4736,1158341,6.250941849966521
Album_4737,304706,7.240809715473777
Album_4738,2251431,5.561973845488038
Album_4739,2766476,8.041793738309657
Album_4740,215996,7.822645416528147
Album_4741,105564,7.7949660252330855
Album_4742,43493,7.201942837628329
Album_4743,1505668,7.69772746894655
Album_4744,6632857,9.125206929970316
Album_4745,2497684,6.857886891549583
Album_4746,691919,7.366374220452101
Album_4747,41536,5.896648440982308
Album_4748,122380,6.158086846082002
Album_4749,8566632,7.317375951711969
Album_4750,593090,8.524720256042288
Album_4751,920863,6.892463010898113
Album_4752,81401,6.916900164825451
Album_4753,1238033,6.71173770659475
Album_4754,234163,6.558291994986813
Album_4755,7806039,7.553965746850586
Album_4756,1542262,5.403290825785627
Album_4757,645094,8.737127492000074
Album_4758,419751,6.401493242244648
Album_4759,412878,8.06628418252577
Album_4760,22007,5.67600168312735
Album_4761,216732,8.002608156655462
Album_4762,1793359,8.006333529377397
Album_4763,1945520,7.661042486407076
Album_4764,597457,6.00668577384025
Album_4765,512093,7.499457827517692
Album_4766,2562001,5.780332578318733
Album_4767,786561,6.896684093884578
Album_4768,6102173,8.43529572114639
Album_4769,37439,8.15604231248489
Album_4770,1000,7.21821953104852
Album_4771,792297,6.03023210889259
Album_4772,68721,7.974705254609033
Album_4773,533239,7.223257485237631
Album_4774,109493,4.415621282123492
Album_4775,30841726,8.139155791579821
Album_4776,1768165,7.17092059935637
Album_4777,2310995,8.642941497579686
Album_4778,2228457,5.885675377388635
Album_4779,250439,3.3879554241647996
Album_4780,381587,7.5349006300142225
Album_4781,8185624,7.549876412018367
Album_4782,31764,5.171194046872258
Album_4783,855460,6.025800544960073
Album_4784,147984,10.0
Album_4785,1009051,6.833267263015436
Album_4786,1838672,8.077150771651459
Album_4787,15595828,6.41920820715794
Album_4788,10055,4.691636521376212
Album_4789,218834,6.995690103844914
Album_4790,3562603,6.881274527656674
Album_4791,1240106,6.720146113597955
Album_4792,1079302,7.06243099739233
Album_4793,139565,7.517121925974764
Album_4794,226000,7.019859658495433
Album_4795,4554736,5.6831925984631635
Album_4796,973538,7.783421749874327
Album_4797,530246,4.860753893613092
Album_4798,187101,4.7395710512589595
Album_4799,117869,8.08701659364188
Album_4800,7073266,7.808424326562428
Album_4801,2130841,7.131125561911157
Album_4802,35110281,5.525461794293914
Album_4803,69153,6.35050687119111
Album_4804,3567935,6.884703902776195
Album_4805,22457,5.284927237711065
Album_4806,708762,6.3131656103721205
Album_4807,8405622,7.9827964058120155
Album_4808,30094,8.91276643714706
Album_4809,416014,6.69667829680974
Album_4810,411462,8.107786025179319
Album_4811,62796,4.903127915295039
Album_4812,2587224,7.991341489336334
Album_4813,4680906,6.235261902327023
Album_4814,742553,7.5688147400495644
Album_4815,1047923,6.902697098112349
Album_4816,2237491,8.7844968117406
Album_4817,478755,6.150677221992098
Album_4818,132969,7.953127557074198
Album_4819,6256833,6.86459104404416
Album_4820,1322993,7.010033426388404
Album_4821,1590327,6.979375328208949
Album_4822,96720,6.185192274607065
Album_4823,319048,7.183081240911994
Album_4824,545873,7.124822133453814
Album_4825,43325,7.489488298088076
Album_4826,28987,7.301406174831436
Album_4827,391327,8.157593459534684
Album_4828,3989381,8.308210339256842
Album_4829,116232,5.939252013806639
Album_4830,176955,8.242527000708925
Album_4831,77561,5.776396287468175
Album_4832,461403,7.9054270657652825
Album_4833,576151,7.943686541643443
Album_4834,19467418,4.906419730004995
Album_4835,7025302,7.311575095835292
Album_4836,4725342,6.637804663967621
Album_4837,5293030,6.28948169047755
Album_4838,245946,8.821022796838808
Album_4839,47243,6.415585031235097
Album_4840,54308,6.232347685058341
Album_4841,12169327,7.290833928006112
Album_4842,407163,8.0227076955581
Album_4843,60615,7.0300216967878475
Album_4844,685449,8.599644654803102
Album_4845,687883,7.837170794356909
Album_4846,373211,4.5861464163222845
Album_4847,969195,6.56463964379159
Album_4848,109812,6.525789480777961
Album_4849,4235150,7.775233144115307
Album_4850,46477,4.050219532351067
Album_4851,2391538,10.0
Album_4852,4378268,7.837231313873052
Album_4853,244185,7.378652164701229
Album_4854,524519,8.617881259702976
Album_4855,10674156,10.0
Album_4856,244502,8.244895973506084
Album_4857,659807,8.338575715765945
Album_4858,2649544,7.356828029357259
Album_4859,45049364,7.030169095959662
Album_4860,2033627,6.629045467194119
Album_4861,1263773,6.20866560994255
Album_4862,1543240,6.375583080360603
Album_4863,41910,5.57933284278842
Album_4864,970600,7.108954259177972
Album_4865,276417,5.1783989073283365
Album_4866,1719800,7.429099828972453
Album_4867,995716,7.15640327034919
Album_4868,1881463,7.376322358064026
Album_4869,316091,6.573442115976009
Album_4870,3675566,10.0
Album_4871,156437,8.832139080216376
Album_4872,201482,5.706548999898333
Album_4873,14967443,7.479441704912278
Album_4874,1058976,6.470392628475212
Album_4875,420613,5.982624327951104
Album_4876,16001664,5.591913514651278
Album_4877,68710,7.7186600289111045
Album_4878,58236,6.382343717916512
Album_4879,44283310,8.361391228830245
Album_4880,1604288,8.392538657436527
Album_4881,1131644,8.84869726225374
Album_4882,43921,6.177135880711075
Album_4883,2625053,7.770438732830413
Album_4884,3500415,7.958945059970761
Album_4885,67948,6.630986189875243
Album_4886,383228,6.27387365112855
Album_4887,1082388,9.131424798931167
Album_4888,1541785,7.472995050878465
Album_4889,125879,7.963161300854086
Album_4890,6020309,6.2135087858064875
Album_4891,2421933,5.736858640173367
Album_4892,277057,6.516660270609468
Album_4893,485410,7.0511743351320035
Album_4894,324040,5.922935991819181
Album_4895,168969,7.18818622961954
Album_4896,120576,5.173793774317801
Album_4897,239768,5.855943093036154
Album_4898,30349284,8.00509349793225
Album_4899,7690612,7.9245486243334735
Album_4900,4131633,6.7297478815357605
Album_4901,917302,5.978682829107656
Album_4902,46578,5.967115738168787
Album_4903,593063,6.7520781048704235
Album_4904,8266221,7.97342218997435
Album_4905,113597,8.31389482961319
Album_4906,2137585,6.604161917421638
Album_4907,41997598,5.815809088818259
Album_4908,7915547,7.5214123654396
Album_4909,8318040,6.211758035248981
Album_4910,914128,6.5780968333665575
Album_4911,12373028,8.790331308524445
Album_4912,315074,8.192538514278922
Album_4913,4353593,7.389569174701742
Album_4914,1391127,5.673697198664733
Album_4915,1634194,7.4536758809647905
Album_4916,21202066,8.475188748945031
Album_4917,219048,6.749239601081357
Album_4918,1247376,8.821336907984058
Album_4919,2119246,8.75129434742185
Album_4920,279014,9.19647939857217
Album_4921,1524245,7.566291751837624
Album_4922,36848,7.904870039767215
Album_4923,15285595,8.897024745997308
Album_4924,1157428,7.736872724482771
Album_4925,210549,6.598519070651745
Album_4926,116090,6.661748596166566
Album_4927,581854,7.486265944528487
Album_4928,1472073,5.651326293664538
Album_4929,2212254,7.028089301562969
Album_4930,379592,8.515856541876305
Album_4931,39861,4.570495378601663
Album_4932,7530610,9.041378522153417
Album_4933,372774,8.546849062443792
Album_4934,689664,6.648282461003428
Album_4935,1430513,7.852068993446172
Album_4936,1507574,7.203777272287592
Album_4937,9384172,8.67598844212642
Album_4938,116271,8.37921977132393
Album_4939,7613,5.519915132180389
Album_4940,368598,7.904714896157012
Album_4941,26158378,6.953246575628103
Album_4942,48353431,7.2993990846217205
Album_4943,20286194,6.326193718836222
Album_4944,1564253,9.297764482945002
Album_4945,42608,8.448074183883092
Album_4946,4769,6.3122746032324395
Album_4947,105996,5.598467271707721
Album_4948,430390,6.737192842826582
Album_4949,14103765,7.721403175309567
Album_4950,5281572,7.488247012735468
Album_4951,2694410,8.703759389721892
Album_4952,218439,8.147903666617022
Album_4953,211120,8.363482830903488
Album_4954,1630453,7.592226480732525
Album_4955,1412007,5.532841523746812
Album_4956,1569618,6.965161762623718
Album_4957,192308,8.472107687890398
Album_4958,2871719,7.138172485770425
Album_4959,2555289,7.803708442348496
Album_4960,78230,6.81750202170464
Album_4961,90533,5.964225781749786
Album_4962,2966773,7.051987123144667
Album_4963,607078,7.5708569316391845
Album_4964,13057614,6.413174736646268
Album_4965,1906599,6.917146506171998
Album_4966,173348,6.072644109616821
Album_4967,1545929,8.543093901076915
Album_4968,766885,6.8466530908943595
Album_4969,449042,8.94330665415142
Album_4970,325159,9.03449742064909
Album_4971,3122524,7.102744842333908
Album_4972,2386831,5.9898615209431805
Album_4973,771447,4.696922546719996
Album_4974,6902636,5.4335555123678505
Album_4975,119629,5.551398210121608
Album_4976,52463240,8.854163552953805
Album_4977,142579,7.338989504672336
Album_4978,134375,7.667525428910386
Album_4979,6297,4.535494789277849
Album_4980,161075,5.762440284939286
Album_4981,501221,8.264495731735545
Album_4982,2741289,7.544128934859104
Album_4983,1201953,7.023353665577283
Album_4984,104084,7.877810830320147
Album_4985,980704,9.162957367362978
Album_4986,335860,6.93474904375554
Album_4987,24092,7.283243763189684
Album_4988,127218,7.431116302477566
Album_4989,699676,10.0
Album_4990,4023393,4.6807724826971695
Album_4991,1781266,8.01986761774657
Album_4992,2829063,7.062237301489124
Album_4993,56544,7.8801260714210155
Album_4994,5920937,6.411152935206331
Album_4995,10562548,7.14124196296986
Album_4996,22700,8.053692695358594
Album_4997,797603,10.0
Album_4998,3528392,8.169643427282486
Album_4999,1758439,6.1823212823633895
